datetime,tempmax,tempmin,temp,feelslikemax,feelslikemin,feelslike,dew,humidity,precip,precipprob,precipcover,windgust,windspeed,sealevelpressure,cloudcover,visibility,solarradiation,solarenergy,uvindex,conditions,Ozono (µg/m3),Dióxido de Azoto (µg/m3),Óxidos de Azoto (µg/m3),Monóxido de Azoto (µg/m3),pollen_intensity,admission number,risk level
2019-01-01,16.0,7.6,11.5,16.0,6.6,11.4,5.1,66.2,0.0,0,0.0,,11.1,1031.6,1.2,10.1,117.2,10.3,5,Clear,12.0,42.45,54.55,7.5,good,5,high risk
2019-01-02,15.9,7.6,10.9,15.9,6.2,10.5,7.4,80.2,0.0,0,0.0,,16.4,1029.9,3.5,9.1,57.6,4.8,3,Clear,25.0,39.7,46.3,3.65,good,3,moderate risk
2019-01-03,10.3,4.5,7.4,10.3,2.2,6.3,6.1,91.7,0.005,100,4.17,40.7,12.6,1027.3,5.5,4.3,116.9,10.2,5,Rain,9.0,34.9,76.95,26.65,good,1,low risk
2019-01-04,13.1,6.6,9.7,13.1,4.1,8.7,6.9,84.1,0.0,0,0.0,33.5,16.8,1029.9,13.1,6.5,101.0,8.8,5,Clear,22.0,36.35,55.1,3.1,good,5,high risk
2019-01-05,14.8,7.8,10.5,14.8,6.0,9.9,5.5,71.4,0.0,0,0.0,40.7,14.9,1033.3,0.4,9.9,128.6,11.1,5,Clear,34.5,31.75,39.15,2.55,good,2,moderate risk
2019-01-06,14.2,5.3,8.7,14.2,5.3,8.4,4.6,76.4,0.0,0,0.0,27.7,13.0,1031.5,1.4,10.0,118.2,10.3,5,Clear,15.0,46.3,58.5,7.15,good,3,moderate risk
2019-01-07,15.3,5.5,10.4,15.3,3.0,9.8,-0.6,49.7,0.0,0,0.0,,15.3,1029.4,0.5,10.6,123.6,10.4,5,Clear,7.0,58.2,87.55000000000001,17.6,good,4,high risk
2019-01-08,15.3,6.8,10.6,15.3,5.6,10.1,0.0,48.7,0.0,0,0.0,38.9,14.5,1028.6,1.5,11.9,126.0,11.0,5,Clear,17.0,55.45,88.5,20.2,good,3,moderate risk
2019-01-09,17.1,6.8,11.2,17.1,6.8,11.1,4.4,64.1,0.0,0,0.0,29.5,13.9,1022.9,2.5,10.8,121.1,10.4,5,Clear,5.5,62.2,124.75,35.15,good,2,moderate risk
2019-01-10,14.7,8.4,11.5,14.7,7.5,11.2,4.4,63.0,0.0,0,0.0,31.7,21.5,1019.0,0.0,11.5,124.4,10.8,5,Clear,35.0,30.65,33.4,3.4000000000000004,good,2,moderate risk
2019-01-11,12.1,6.4,9.5,12.1,3.4,8.1,-0.9,48.7,0.0,0,0.0,,20.4,1025.7,0.0,12.1,127.0,10.9,5,Clear,46.0,23.6,32.55,2.25,good,3,moderate risk
2019-01-12,13.0,6.0,9.4,13.0,3.3,8.0,1.0,56.4,0.0,0,0.0,33.5,18.4,1029.3,0.0,10.9,129.0,11.0,5,Clear,42.5,24.65,32.3,2.8,good,6,high risk
2019-01-13,13.5,6.9,9.8,13.5,4.8,8.8,2.9,62.9,0.0,0,0.0,27.7,16.8,1028.7,0.4,10.5,129.0,11.0,5,Clear,33.5,25.4,28.55,4.1,good,3,moderate risk
2019-01-14,15.4,4.9,9.9,15.4,3.8,9.6,6.1,78.2,0.0,0,0.0,29.5,11.9,1024.4,1.5,9.7,123.5,10.5,5,Clear,14.0,51.45,65.8,8.2,good,6,high risk
2019-01-15,12.3,7.7,10.1,12.3,7.1,9.8,8.3,89.0,0.0,0,0.0,25.9,9.8,1021.0,13.2,6.9,28.7,2.5,1,Clear,9.5,49.9,96.55,26.1,good,3,moderate risk
2019-01-16,12.4,9.9,10.9,12.4,9.2,10.8,9.8,93.2,0.667,100,25.0,,9.1,1019.7,15.7,4.4,41.8,3.6,2,Rain,3.0,51.7,110.85,43.45,good,0,low risk
2019-01-17,14.0,7.3,10.6,14.0,6.0,10.1,5.9,74.8,0.008,100,4.17,,25.5,1020.9,7.0,11.2,122.3,10.4,6,Rain,41.0,24.2,28.55,2.05,good,5,high risk
2019-01-18,14.9,8.5,11.1,14.9,6.8,10.5,7.3,78.3,8.736,100,33.33,,19.6,1021.2,12.8,10.6,63.8,5.3,3,Rain,55.0,12.6,14.2,0.45,good,1,low risk
2019-01-19,16.4,9.6,12.6,16.4,9.2,12.6,11.6,93.6,10.487,100,41.67,44.6,25.9,1016.6,7.6,8.2,37.3,3.2,2,Rain,56.0,10.95,12.0,0.6,good,4,high risk
2019-01-20,15.0,11.4,12.6,15.0,11.4,12.6,8.0,73.8,0.04,100,4.17,,29.0,1019.7,4.2,11.0,114.3,9.9,6,Rain,64.5,8.600000000000001,10.75,0.4,good,3,moderate risk
2019-01-21,15.4,10.0,11.9,15.4,10.0,11.9,6.5,70.6,0.094,100,4.17,,24.9,1024.2,3.8,12.0,139.7,12.1,6,Rain,55.0,14.8,19.45,1.35,good,5,high risk
2019-01-22,13.8,9.4,11.8,13.8,8.1,11.7,7.5,75.4,0.05,100,4.17,,20.3,1023.9,14.3,11.7,67.8,5.8,3,Rain,62.0,13.4,15.6,0.55,good,6,high risk
2019-01-23,16.9,11.5,13.4,16.9,11.5,13.4,9.7,78.7,0.217,100,20.83,40.7,28.5,1020.5,13.2,11.0,70.2,6.0,3,Rain,68.0,9.95,12.0,0.55,good,4,high risk
2019-01-24,17.0,13.0,14.2,17.0,13.0,14.2,10.7,79.4,0.003,100,4.17,63.0,33.2,1017.7,10.8,12.1,58.9,5.1,3,Rain,59.0,12.95,16.65,0.8,good,3,moderate risk
2019-01-25,18.6,9.9,14.1,18.6,8.9,14.1,8.5,70.4,0.0,0,0.0,31.7,13.8,1019.2,0.4,11.0,142.6,12.2,6,Clear,22.5,38.8,57.8,10.9,good,5,high risk
2019-01-26,18.8,8.8,12.9,18.8,8.8,12.9,8.3,75.3,0.0,0,0.0,27.7,20.9,1020.6,0.8,9.9,114.9,9.9,6,Clear,12.0,46.6,73.55,15.25,good,0,low risk
2019-01-27,14.5,10.6,12.2,14.5,10.6,12.2,6.8,70.3,0.0,0,0.0,44.6,28.0,1023.3,5.3,10.9,82.9,7.0,5,Clear,64.0,11.05,12.3,0.4,good,1,low risk
2019-01-28,15.8,10.5,12.6,15.8,10.5,12.6,8.7,77.4,0.001,100,4.17,,20.1,1026.0,13.3,12.0,88.8,7.5,4,Rain,61.5,11.45,13.45,0.7,good,6,high risk
2019-01-29,14.9,11.7,12.8,14.9,11.7,12.8,10.8,87.8,1.287,100,37.5,37.1,21.7,1022.3,13.9,10.5,63.9,5.3,3,Rain,60.0,16.05,18.200000000000003,1.05,good,1,low risk
2019-01-30,14.5,10.6,12.6,14.5,10.6,12.6,11.5,93.2,6.209,100,50.0,,22.9,1016.4,14.8,10.2,34.8,2.9,2,Rain,55.0,12.25,13.95,0.8500000000000001,good,1,low risk
2019-01-31,15.0,12.7,14.0,15.0,12.7,14.0,13.1,94.2,13.981,100,75.0,48.2,32.3,1007.7,15.8,8.4,44.8,3.8,3,Rain,62.0,8.25,8.95,0.6,good,2,moderate risk
2019-02-01,14.0,9.8,11.6,14.0,6.8,11.5,7.8,78.1,10.607,100,70.83,77.8,41.2,1004.2,9.9,11.3,84.3,7.2,4,Rain,81.0,7.65,9.9,0.5,good,0,low risk
2019-02-02,13.8,9.0,10.5,13.8,6.9,9.4,4.5,67.3,0.672,100,20.83,42.5,23.1,1020.0,3.4,10.6,129.2,11.2,5,Rain,66.0,12.25,14.95,1.15,good,3,moderate risk
2019-02-03,14.4,7.1,10.2,14.4,5.4,9.4,2.7,61.4,0.0,0,0.0,,21.5,1029.1,1.9,10.9,155.0,13.4,6,Clear,50.5,14.0,16.5,0.75,good,2,moderate risk
2019-02-04,14.4,5.8,9.4,14.4,4.3,8.9,2.0,60.9,0.008,100,4.17,,10.6,1030.3,10.2,11.0,149.0,12.9,6,Rain,27.5,36.900000000000006,60.1,7.05,good,1,low risk
2019-02-05,16.5,6.9,11.0,16.5,6.1,10.7,3.4,60.9,0.0,0,0.0,31.7,12.2,1029.0,6.2,10.5,163.0,14.2,6,Clear,21.5,45.8,66.45,10.95,good,4,high risk
2019-02-06,16.7,8.2,12.0,16.7,8.2,11.9,6.5,70.1,0.0,0,0.0,,15.7,1026.4,8.0,10.6,154.3,13.5,6,Clear,26.0,58.75,76.3,9.95,good,3,moderate risk
2019-02-07,16.4,9.0,12.5,16.4,8.9,12.4,8.4,77.1,0.0,0,0.0,,16.2,1025.9,8.1,11.5,123.0,10.8,6,Clear,44.5,21.6,25.35,2.1,good,2,moderate risk
2019-02-08,16.7,9.4,12.2,16.7,8.5,12.1,8.0,76.3,0.0,0,0.0,29.5,13.9,1024.5,12.7,11.8,147.5,12.7,7,Clear,36.5,23.85,24.75,1.0,good,1,low risk
2019-02-09,16.9,11.1,13.2,16.9,11.1,13.2,9.2,77.4,0.0,0,0.0,37.1,17.7,1024.0,7.3,11.1,96.3,8.3,4,Clear,57.5,17.15,21.45,0.8500000000000001,good,4,high risk
2019-02-10,17.3,11.2,14.2,17.3,11.2,14.2,12.6,90.1,2.529,100,29.17,,25.1,1025.4,7.9,9.8,65.7,5.6,4,Rain,67.0,5.4,6.05,0.3,good,1,low risk
2019-02-11,16.7,9.0,12.1,16.7,7.3,11.8,6.9,71.9,0.006,100,8.33,,15.2,1028.9,4.0,11.8,172.6,15.1,7,Rain,48.5,24.2,30.4,1.9,good,4,high risk
2019-02-12,18.1,9.5,13.0,18.1,7.5,12.6,6.7,66.0,0.0,0,0.0,,18.0,1028.7,1.5,11.7,174.9,15.3,7,Clear,36.0,33.1,39.8,5.199999999999999,good,2,moderate risk
2019-02-13,17.9,9.8,13.5,17.9,8.1,13.3,7.4,67.0,0.0,0,0.0,,13.4,1027.6,0.8,11.2,174.0,15.1,7,Clear,29.5,38.650000000000006,50.3,6.300000000000001,good,1,low risk
2019-02-14,18.9,9.5,13.9,18.9,8.3,13.7,9.5,76.1,0.0,0,0.0,,19.4,1024.8,1.3,10.8,178.1,15.4,7,Clear,55.5,22.95,25.4,2.5,good,2,moderate risk
2019-02-15,17.5,9.9,13.7,17.5,8.0,13.6,8.5,72.0,0.0,0,0.0,37.1,15.6,1024.1,11.7,12.0,118.2,10.3,5,Clear,50.5,23.2,29.8,2.2,good,4,high risk
2019-02-16,18.0,11.9,14.2,18.0,11.9,14.2,7.5,64.6,0.0,0,0.0,38.9,17.6,1022.4,3.2,10.4,178.7,15.5,7,Clear,58.0,20.65,22.55,0.8,good,2,moderate risk
2019-02-17,17.0,9.4,12.7,17.0,7.8,12.6,10.1,84.8,3.676,100,12.5,29.5,11.0,1019.9,6.1,7.3,135.6,11.8,6,Rain,44.5,21.25,25.45,0.5,good,5,high risk
2019-02-18,13.5,10.1,11.6,13.5,10.1,11.6,8.5,81.4,1.632,100,37.5,,28.1,1017.3,13.5,10.6,49.0,4.4,3,Rain,68.5,17.200000000000003,19.0,0.6,good,5,high risk
2019-02-19,16.0,10.0,12.6,16.0,10.0,12.6,6.9,69.0,0.0,0,0.0,35.3,15.7,1020.4,6.2,11.9,180.5,15.7,7,Clear,49.0,27.6,34.8,1.15,good,2,moderate risk
2019-02-20,17.4,8.7,12.2,17.4,7.4,11.9,6.6,69.3,0.0,0,0.0,,13.0,1022.2,10.8,10.8,166.0,14.5,6,Clear,42.5,35.8,38.400000000000006,2.0,good,2,moderate risk
2019-02-21,18.1,9.5,13.6,18.1,8.2,13.4,10.0,79.9,0.0,0,0.0,40.7,19.0,1024.4,10.8,10.1,162.8,14.2,6,Clear,42.5,29.9,31.0,1.2000000000000002,good,3,moderate risk
2019-02-22,20.5,10.9,15.0,20.5,10.9,15.0,9.5,71.6,0.0,0,0.0,38.9,17.8,1027.4,11.3,10.5,172.0,15.0,7,Clear,58.0,19.55,20.65,0.55,good,2,moderate risk
2019-02-23,20.8,11.3,15.3,20.8,11.3,15.3,8.0,64.7,0.0,0,0.0,31.7,13.8,1029.1,4.0,10.3,173.8,15.0,7,Clear,39.5,33.85,44.0,2.25,good,5,high risk
2019-02-24,21.5,10.9,16.3,21.5,10.9,16.3,7.1,55.2,0.0,0,0.0,,17.9,1027.7,2.4,10.4,185.6,16.1,7,Clear,30.5,40.45,44.05,1.65,good,2,moderate risk
2019-02-25,21.6,10.9,16.1,21.6,10.9,16.1,7.2,57.7,0.0,0,0.0,37.1,13.6,1028.0,2.0,11.7,193.4,16.8,7,Clear,37.5,38.2,41.15,2.0,good,1,low risk
2019-02-26,20.5,10.5,15.2,20.5,10.5,15.2,7.1,60.5,0.0,0,0.0,44.6,17.7,1024.6,10.7,12.1,154.8,13.3,6,Clear,66.0,22.65,26.05,0.7,good,1,low risk
2019-02-27,18.4,12.0,14.6,18.4,12.0,14.6,9.5,71.8,0.0,0,0.0,,18.3,1027.9,13.2,10.4,147.3,12.5,6,Clear,65.0,14.25,15.5,0.7,good,0,low risk
2019-02-28,18.5,10.9,14.1,18.5,10.9,14.1,8.0,67.8,0.0,0,0.0,,18.5,1029.8,11.3,12.2,144.7,12.6,7,Clear,68.0,17.2,18.75,0.6499999999999999,good,3,moderate risk
2019-03-01,19.3,11.9,14.4,19.3,11.9,14.4,10.0,75.3,0.0,0,0.0,,25.2,1027.1,7.5,11.5,69.8,6.0,3,Clear,65.0,14.0,15.1,0.75,good,1,low risk
2019-03-02,20.9,12.0,15.6,20.9,12.0,15.6,11.1,75.2,0.0,0,0.0,,17.6,1027.4,5.9,11.0,131.8,11.1,5,Clear,57.0,9.8,11.6,0.75,good,4,high risk
2019-03-03,18.5,9.9,13.6,18.5,9.4,13.6,10.9,84.3,0.0,0,0.0,,23.4,1024.9,5.5,10.0,182.8,15.6,6,Clear,54.5,10.55,10.8,0.4,good,3,moderate risk
2019-03-04,18.8,12.2,15.1,18.8,12.2,15.1,11.4,80.2,2.737,100,25.0,,20.4,1022.1,12.5,10.6,128.3,10.9,5,Rain,64.5,7.85,9.2,0.45,good,4,high risk
2019-03-05,17.5,13.1,15.1,17.5,13.1,15.1,13.5,90.2,4.034,100,37.5,64.8,38.3,1015.0,7.6,9.1,94.6,8.2,3,Rain,61.0,3.1500000000000004,3.95,0.3,good,4,high risk
2019-03-06,15.9,11.1,13.1,15.9,11.1,13.1,10.0,82.2,27.529,100,66.67,55.4,35.8,1010.8,12.3,11.0,172.5,15.0,7,Rain,75.0,7.35,9.05,0.95,good,2,moderate risk
2019-03-07,15.4,9.5,11.9,15.4,8.3,11.8,9.0,83.5,14.149,100,41.67,,30.2,1018.2,12.1,10.4,90.9,7.7,4,Rain,51.5,16.9,17.35,0.7,good,3,moderate risk
2019-03-08,17.4,11.5,13.8,17.4,11.5,13.8,8.0,69.5,0.002,100,4.17,44.6,25.6,1024.7,11.5,12.0,191.8,16.7,8,Rain,61.5,15.75,16.75,0.8,good,2,moderate risk
2019-03-09,20.0,10.4,14.9,20.0,10.4,14.9,9.2,70.4,0.0,0,0.0,35.3,18.9,1031.2,0.7,10.7,218.7,18.8,8,Clear,54.0,21.75,23.65,1.2,good,2,moderate risk
2019-03-10,20.9,12.5,15.5,20.9,12.5,15.5,11.1,76.0,0.0,0,0.0,,23.0,1031.3,2.4,10.8,186.5,16.2,8,Clear,39.0,11.8,14.95,1.35,good,1,low risk
2019-03-11,22.5,12.5,16.3,22.5,12.5,16.3,9.6,66.6,0.0,0,0.0,,16.8,1029.5,0.5,11.7,225.8,19.7,8,Clear,50.0,27.2,35.6,2.35,good,2,moderate risk
2019-03-12,19.5,9.5,14.2,19.5,8.7,14.1,8.8,71.2,0.0,0,0.0,,22.0,1028.7,4.3,11.3,197.9,17.0,8,Clear,40.5,20.7,22.9,1.15,good,2,moderate risk
2019-03-13,15.4,10.1,12.8,15.4,10.1,12.8,5.4,62.0,0.001,100,4.17,50.0,44.6,1030.6,6.9,11.5,244.8,21.2,9,Rain,0.0,10.65,12.9,0.7,good,2,moderate risk
2019-03-14,19.7,10.4,14.5,19.7,10.4,14.5,4.2,52.1,0.0,0,0.0,32.4,21.4,1029.2,1.2,12.4,229.8,19.9,8,Clear,0.0,18.200000000000003,23.7,1.9,good,4,high risk
2019-03-15,22.5,9.3,15.9,22.5,8.8,15.9,4.6,51.9,0.0,0,0.0,,12.5,1025.4,1.5,11.3,240.6,20.7,8,Clear,12.0,42.75,50.55,4.0,good,0,low risk
2019-03-16,23.4,11.5,15.9,23.4,11.5,15.9,8.6,62.9,0.0,0,0.0,44.6,20.6,1021.3,0.8,10.5,223.2,19.3,8,Clear,57.0,42.400000000000006,50.95,1.5,good,2,moderate risk
2019-03-17,17.0,10.4,13.4,17.0,10.4,13.4,8.5,72.6,0.0,0,0.0,,22.1,1023.2,5.7,10.9,165.4,14.2,8,Clear,72.0,9.55,10.3,0.4,good,2,moderate risk
2019-03-18,19.7,10.4,14.3,19.7,10.4,14.3,6.2,59.6,0.0,0,0.0,,27.1,1023.2,5.6,12.3,241.2,20.7,8,Clear,0.0,14.25,15.6,1.05,good,3,moderate risk
2019-03-19,20.5,11.0,15.7,20.5,11.0,15.7,3.9,46.6,0.0,0,0.0,,22.6,1024.1,0.4,11.9,241.3,20.8,8,Clear,32.5,19.2,21.75,1.1,good,0,low risk
2019-03-20,19.6,11.9,15.9,19.6,11.9,15.9,3.4,44.2,0.0,0,0.0,,22.5,1025.0,0.4,12.5,250.4,21.6,8,Clear,71.0,13.35,14.9,0.6499999999999999,good,2,moderate risk
2019-03-21,19.2,10.8,14.8,19.2,10.8,14.8,5.5,54.0,0.0,0,0.0,37.1,15.5,1024.7,5.8,11.9,254.1,21.7,8,Clear,63.5,27.5,28.7,0.6499999999999999,good,4,high risk
2019-03-22,20.6,10.8,16.0,20.6,10.8,16.0,2.4,41.6,0.005,100,4.17,,21.5,1024.2,0.0,12.0,261.8,22.4,8,Rain,76.0,22.7,23.5,0.4,muito elevados,1,low risk
2019-03-23,23.0,12.5,17.8,23.0,12.5,17.8,3.8,40.2,0.0,0,0.0,,21.9,1021.0,0.0,11.1,246.1,21.3,8,Clear,83.0,16.8,17.25,0.3,muito elevados,0,low risk
2019-03-24,22.0,13.9,17.4,22.0,13.9,17.4,6.4,49.6,0.0,0,0.0,,24.1,1019.7,0.7,10.5,240.0,20.9,8,Clear,72.0,8.8,9.1,0.3,muito elevados,1,low risk
2019-03-25,24.9,13.2,19.0,24.9,13.2,19.0,5.5,44.7,0.0,0,0.0,44.6,28.4,1017.0,2.0,11.9,251.5,21.7,8,Clear,54.0,34.9,37.4,0.8,muito elevados,7,high risk
2019-03-26,23.5,14.6,19.2,23.5,14.6,19.2,2.5,33.1,0.0,0,0.0,40.7,34.7,1012.8,9.1,11.9,253.6,21.9,8,Clear,80.0,14.55,16.45,0.75,muito elevados,3,moderate risk
2019-03-27,23.1,13.5,18.3,23.1,13.5,18.3,4.5,44.1,0.0,0,0.0,,25.0,1019.0,0.4,11.0,260.6,22.5,9,Clear,78.0,15.7,16.15,0.5,muito elevados,1,low risk
2019-03-28,22.2,11.3,17.1,22.2,11.3,17.1,6.3,52.9,0.0,0,0.0,40.7,17.7,1022.1,0.5,11.6,256.4,22.2,8,Clear,72.0,22.6,24.1,0.8500000000000001,muito elevados,2,moderate risk
2019-03-29,22.1,10.9,16.3,22.1,10.9,16.3,5.5,51.0,0.0,0,0.0,42.5,16.8,1020.1,4.1,12.0,258.6,22.4,9,Clear,72.5,25.700000000000003,26.0,0.8500000000000001,muito elevados,5,high risk
2019-03-30,21.6,11.8,15.7,21.6,11.8,15.7,5.7,52.9,0.0,0,0.0,,17.8,1016.4,4.0,10.4,255.0,22.1,9,Clear,62.5,37.9,44.650000000000006,0.75,muito elevados,2,moderate risk
2019-03-31,22.0,13.8,16.9,22.0,13.8,16.9,8.1,57.3,0.386,100,12.5,37.1,20.8,1011.4,3.4,10.7,241.7,20.0,8,Rain,54.5,31.05,34.9,0.6499999999999999,muito elevados,1,low risk
2019-04-01,20.6,13.9,16.0,20.6,13.9,16.0,11.0,73.4,0.101,100,29.17,,12.6,1013.1,9.7,11.7,243.4,21.2,8,Rain,64.0,24.1,27.75,1.0,muito elevados,4,high risk
2019-04-02,20.4,11.5,15.0,20.4,11.5,15.0,10.4,74.8,0.0,0,0.0,,22.9,1016.9,10.2,10.7,169.5,14.8,6,Clear,77.5,15.15,15.95,0.75,muito elevados,4,high risk
2019-04-03,14.8,10.9,12.7,14.8,10.9,12.7,5.9,64.3,0.0,0,0.0,,31.4,1013.2,13.3,12.5,150.7,13.2,6,Clear,80.0,13.15,14.75,0.7,muito elevados,4,high risk
2019-04-04,16.0,8.9,11.9,16.0,7.6,11.7,5.1,64.8,0.379,100,20.83,35.3,20.8,1007.7,8.7,12.0,176.7,15.4,8,Rain,79.5,8.85,10.4,0.55,muito elevados,3,moderate risk
2019-04-05,13.5,6.2,10.6,13.5,3.8,10.0,7.0,78.9,29.016,100,75.0,61.2,26.7,1004.0,9.8,11.6,201.4,17.3,7,Rain,79.0,11.45,13.0,0.7,baixos,2,moderate risk
2019-04-06,16.4,8.7,11.8,16.4,6.9,11.1,7.6,76.4,4.302,100,54.17,,26.5,1009.4,4.6,10.9,210.0,18.1,9,Rain,83.0,7.7,9.2,0.45,baixos,0,low risk
2019-04-07,16.2,11.1,13.6,16.2,11.1,13.6,11.4,86.8,7.057,100,41.67,,23.7,1013.1,7.5,8.9,118.8,10.3,5,Rain,76.0,6.800000000000001,7.55,0.3,baixos,2,moderate risk
2019-04-08,17.9,10.6,13.8,17.9,10.6,13.8,10.5,82.1,5.14,100,41.67,37.1,24.7,1015.9,10.2,11.5,215.3,18.5,8,Rain,78.5,8.05,9.0,0.5,baixos,1,low risk
2019-04-09,18.3,11.6,13.8,18.3,11.6,13.8,9.1,74.1,0.914,100,33.33,42.5,24.8,1018.3,9.1,10.9,223.7,19.3,8,Rain,85.0,10.15,11.45,0.55,baixos,3,moderate risk
2019-04-10,17.0,11.2,13.7,17.0,11.2,13.7,10.0,78.9,2.659,100,37.5,42.5,24.4,1020.7,11.1,11.7,184.7,15.9,7,Rain,78.0,9.6,10.85,0.55,baixos,3,moderate risk
2019-04-11,18.4,11.0,14.2,18.4,11.0,14.2,8.3,69.6,0.0,0,0.0,,24.3,1021.3,11.7,12.1,262.1,22.7,9,Clear,77.0,14.1,16.0,0.8500000000000001,baixos,3,moderate risk
2019-04-12,20.4,10.7,15.1,20.4,10.7,15.1,8.4,65.6,0.0,0,0.0,,16.1,1020.1,7.1,12.0,275.0,23.8,9,Clear,75.5,16.4,16.85,0.55,muito elevados,0,low risk
2019-04-13,19.0,13.6,15.9,19.0,13.6,15.9,12.5,80.8,0.115,100,8.33,,18.8,1020.3,6.8,11.0,122.7,10.9,4,Rain,60.0,7.65,8.65,0.4,muito elevados,2,moderate risk
2019-04-14,21.4,15.5,17.3,21.4,15.5,17.3,15.6,90.1,0.869,100,29.17,,14.6,1017.5,7.8,6.7,132.8,11.4,5,Rain,39.5,5.7,6.9,0.55,muito elevados,4,high risk
2019-04-15,19.8,12.6,15.8,19.8,12.6,15.8,12.1,79.5,0.188,100,4.17,,21.1,1015.2,12.8,11.4,177.5,15.3,7,Rain,74.5,11.4,12.8,0.5,muito elevados,1,low risk
2019-04-16,21.3,10.9,14.7,21.3,10.9,14.7,9.6,73.7,0.0,0,0.0,,22.2,1015.8,10.5,11.4,262.7,22.6,8,Clear,85.0,13.75,16.9,0.6,muito elevados,4,high risk
2019-04-17,15.9,13.0,14.3,15.9,13.0,14.3,12.1,87.0,6.151,100,33.33,40.7,26.7,1008.5,14.8,10.6,73.1,6.3,3,Rain,98.5,5.7,6.449999999999999,0.4,muito elevados,1,low risk
2019-04-18,19.7,11.5,15.0,19.7,11.5,15.0,11.3,79.5,0.878,100,29.17,,20.9,1012.7,10.8,12.3,221.3,19.0,9,Rain,72.0,10.4,11.25,0.6,muito elevados,1,low risk
2019-04-19,17.5,11.9,14.0,17.5,11.9,14.0,11.4,84.4,5.948,100,16.67,,14.8,1015.4,5.6,10.8,126.6,11.0,5,Rain,64.0,13.85,14.65,0.7,elevados,2,moderate risk
2019-04-20,24.1,13.0,18.1,24.1,13.0,18.1,10.5,63.5,0.005,100,4.17,,22.7,1015.2,3.8,11.3,262.6,22.5,8,Rain,74.0,12.05,13.85,0.55,elevados,1,low risk
2019-04-21,23.0,14.4,18.3,23.0,14.4,18.3,8.6,54.0,0.0,0,0.0,,24.5,1011.0,2.4,11.1,282.8,24.2,9,Clear,100.0,9.0,9.3,0.4,elevados,0,low risk
2019-04-22,21.4,11.2,16.4,21.4,11.2,16.4,11.3,73.3,2.881,100,12.5,38.9,23.4,1004.3,13.2,9.4,217.1,18.6,8,Rain,110.0,8.5,8.85,0.3,elevados,4,high risk
2019-04-23,15.9,8.7,11.6,15.9,5.8,11.2,6.7,73.3,4.736,100,41.67,42.5,27.8,1002.9,11.5,12.1,216.3,18.6,10,Rain,89.0,6.9,8.15,0.4,elevados,2,moderate risk
2019-04-24,18.3,11.2,14.5,18.3,11.2,14.5,12.1,86.3,12.832,100,58.33,57.6,33.5,1004.7,13.7,9.8,175.8,15.2,8,Rain,81.0,6.800000000000001,7.8,0.55,elevados,1,low risk
2019-04-25,18.3,10.6,14.0,18.3,10.6,14.0,8.1,68.7,1.598,100,37.5,50.0,29.7,1015.8,5.6,10.8,259.0,22.3,9,Rain,81.0,5.1,5.6,0.4,elevados,6,high risk
2019-04-26,18.9,11.5,14.7,18.9,11.5,14.7,7.9,65.9,0.0,0,0.0,,21.0,1026.4,7.9,11.3,249.9,21.8,7,Clear,76.0,10.1,11.3,0.75,elevados,0,low risk
2019-04-27,23.6,11.5,16.9,23.6,11.5,16.9,8.4,59.0,0.0,0,0.0,,21.5,1025.4,0.4,11.1,304.0,26.2,9,Clear,78.5,11.75,13.2,0.75,elevados,2,moderate risk
2019-04-28,27.6,13.9,20.8,26.8,13.9,20.7,10.7,55.0,0.0,0,0.0,,21.0,1019.8,3.5,11.1,291.2,25.1,9,Clear,59.0,22.05,24.4,0.8500000000000001,elevados,0,low risk
2019-04-29,25.1,14.9,19.8,25.1,14.9,19.8,9.1,51.1,0.0,0,0.0,46.4,23.2,1017.2,0.6,10.3,312.3,27.1,9,Clear,68.5,17.950000000000003,18.75,1.25,elevados,4,high risk
2019-04-30,22.9,12.6,17.3,22.9,12.6,17.3,10.5,65.3,0.0,0,0.0,,24.7,1016.3,8.6,11.8,304.8,26.4,9,Clear,58.0,17.35,22.1,2.0,elevados,1,low risk
2019-05-01,23.0,13.5,17.4,23.0,13.5,17.4,11.1,67.9,0.0,0,0.0,55.4,27.6,1012.9,1.6,10.6,298.5,25.6,9,Clear,69.5,9.85,12.3,1.05,elevados,2,moderate risk
2019-05-02,27.6,13.9,20.2,27.5,13.9,20.2,11.9,60.6,0.0,0,0.0,,22.7,1010.4,1.4,11.5,306.1,26.4,9,Clear,69.5,26.85,29.25,1.35,elevados,1,low risk
2019-05-03,28.9,17.2,22.2,28.2,17.2,22.1,11.3,51.6,0.0,0,0.0,,22.8,1010.0,4.2,12.0,314.3,27.2,9,Clear,64.0,30.0,30.6,1.1,muito elevados,1,low risk
2019-05-04,27.9,15.4,20.4,27.2,15.4,20.3,9.2,50.5,0.0,0,0.0,38.9,18.4,1012.5,0.1,11.1,315.7,27.2,9,Clear,66.5,17.1,18.200000000000003,0.6,muito elevados,0,low risk
2019-05-05,22.6,13.6,18.1,22.6,13.6,18.1,10.9,63.2,0.0,0,0.0,31.7,17.5,1016.3,1.3,10.4,306.3,26.4,9,Clear,86.5,12.6,13.75,1.3,muito elevados,3,moderate risk
2019-05-06,20.8,14.1,16.7,20.8,14.1,16.7,10.5,67.6,0.0,0,0.0,,17.5,1020.1,13.7,12.2,206.9,17.7,8,Clear,84.5,6.85,7.550000000000001,0.45,muito elevados,4,high risk
2019-05-07,18.6,15.7,16.7,18.6,15.7,16.7,15.6,93.7,2.33,100,33.33,,23.5,1018.5,16.4,7.7,109.2,9.3,4,Rain,45.5,6.8,7.7,0.7,muito elevados,0,low risk
2019-05-08,17.6,14.6,16.1,17.6,14.6,16.1,15.3,95.4,11.46,100,70.83,,59.0,1016.3,15.6,7.4,158.5,13.5,6,Rain,50.5,12.3,14.7,0.7,muito elevados,5,high risk
2019-05-09,19.5,14.6,16.6,19.5,14.6,16.6,15.9,96.1,2.116,100,37.5,,31.4,1016.0,16.0,7.2,137.2,11.8,5,Rain,42.5,8.25,9.9,0.6499999999999999,muito elevados,2,moderate risk
2019-05-10,20.5,15.0,17.7,20.5,15.0,17.7,15.1,85.7,0.485,100,25.0,,17.8,1017.6,12.8,10.3,218.3,19.2,9,Rain,45.0,8.8,11.75,0.8500000000000001,muito elevados,3,moderate risk
2019-05-11,27.5,13.9,20.0,26.9,13.9,20.0,11.6,61.5,0.001,100,4.17,,17.5,1020.0,0.6,11.2,330.2,28.5,9,Rain,66.5,12.4,14.85,0.8500000000000001,muito elevados,0,low risk
2019-05-12,33.1,19.9,26.1,31.4,19.9,25.3,9.2,36.8,0.0,0,0.0,35.3,23.6,1017.7,0.4,11.2,326.6,27.9,9,Clear,76.5,10.65,11.85,0.5,muito elevados,4,high risk
2019-05-13,34.0,21.8,27.5,31.5,21.8,26.6,4.5,24.1,0.0,0,0.0,42.5,22.1,1015.2,0.0,12.3,335.4,28.8,10,Clear,103.0,17.4,18.25,0.75,muito elevados,7,high risk
2019-05-14,30.9,20.3,25.3,29.6,20.3,25.0,10.2,39.5,0.0,0,0.0,,19.6,1013.7,2.5,11.8,328.6,28.3,9,Clear,99.0,17.1,18.35,0.8500000000000001,muito elevados,9,high risk
2019-05-15,30.3,17.6,23.0,29.1,17.6,22.8,10.8,47.9,0.0,0,0.0,42.5,25.2,1013.2,4.7,12.0,326.4,28.1,9,Clear,76.5,22.2,24.15,1.4500000000000002,muito elevados,9,high risk
2019-05-16,21.4,14.6,16.9,21.4,14.6,16.9,10.8,68.1,0.0,0,0.0,48.2,27.7,1014.8,11.9,11.8,197.3,17.1,7,Clear,80.0,8.75,10.65,0.8500000000000001,muito elevados,2,moderate risk
2019-05-17,19.5,13.4,15.8,19.5,13.4,15.8,7.8,59.6,0.0,0,0.0,48.2,27.0,1017.8,13.1,11.8,244.3,21.0,10,Clear,72.5,10.3,11.9,0.7,muito elevados,6,high risk
2019-05-18,18.8,13.0,15.8,18.8,13.0,15.8,8.1,60.7,0.0,0,0.0,,24.5,1017.1,4.5,11.0,166.6,14.2,5,Clear,78.0,7.15,7.6,0.55,muito elevados,6,high risk
2019-05-19,21.5,14.4,17.4,21.5,14.4,17.4,10.2,63.3,0.0,0,0.0,37.1,21.0,1015.3,3.8,11.0,282.1,24.4,9,Clear,66.0,7.800000000000001,8.5,0.6,muito elevados,4,high risk
2019-05-20,22.7,13.0,17.1,22.7,13.0,17.1,10.7,67.1,0.0,0,0.0,,20.5,1015.4,10.4,12.3,255.5,22.0,8,Clear,68.5,7.25,8.75,0.8500000000000001,muito elevados,6,high risk
2019-05-21,23.0,15.6,18.8,23.0,15.6,18.8,12.9,70.0,0.001,100,4.17,,19.1,1016.3,8.4,11.9,309.3,26.7,10,Rain,53.5,7.75,9.0,0.95,muito elevados,5,high risk
2019-05-22,26.3,14.1,19.6,26.3,14.1,19.6,12.9,66.6,0.0,0,0.0,,23.3,1017.4,4.4,11.5,330.4,28.6,9,Clear,56.0,11.5,13.25,1.3,muito elevados,2,moderate risk
2019-05-23,24.9,14.6,18.8,24.9,14.6,18.8,12.5,68.2,0.0,0,0.0,,24.6,1019.3,10.9,12.0,292.0,25.2,9,Clear,56.0,8.05,9.4,1.35,muito elevados,2,moderate risk
2019-05-24,22.5,15.4,18.7,22.5,15.4,18.7,10.1,59.3,0.0,0,0.0,61.2,34.1,1017.5,8.9,12.3,326.6,28.1,9,Clear,71.0,11.15,14.25,1.4,muito elevados,0,low risk
2019-05-25,28.0,16.9,21.7,27.0,16.9,21.6,9.3,47.8,0.0,0,0.0,,29.9,1017.3,2.0,11.1,330.4,28.4,9,Clear,81.5,10.7,12.1,0.6499999999999999,muito elevados,3,moderate risk
2019-05-26,30.5,18.9,23.4,29.2,18.9,23.2,11.6,49.0,0.0,0,0.0,46.4,29.3,1017.5,0.0,11.1,333.5,28.9,9,Clear,72.5,11.4,13.0,1.0,muito elevados,3,moderate risk
2019-05-27,24.6,16.1,19.7,24.6,16.1,19.7,13.0,66.2,0.0,0,0.0,55.4,28.3,1015.9,5.0,12.3,329.0,28.6,9,Clear,52.5,7.85,11.25,1.95,muito elevados,2,moderate risk
2019-05-28,28.9,15.6,21.5,28.1,15.6,21.4,10.8,53.4,0.0,0,0.0,33.5,26.2,1014.8,2.5,12.2,334.5,29.0,9,Clear,77.5,10.8,13.4,1.15,muito elevados,4,high risk
2019-05-29,31.6,20.8,25.8,29.6,20.8,25.1,8.2,34.2,0.0,0,0.0,,28.6,1017.2,0.0,12.4,338.7,29.2,9,Clear,85.0,13.95,15.6,0.95,muito elevados,4,high risk
2019-05-30,33.7,23.0,28.3,31.5,23.0,27.3,7.4,27.8,0.0,0,0.0,,21.9,1018.5,0.4,12.3,337.6,29.2,9,Clear,79.5,15.2,15.65,0.8500000000000001,muito elevados,2,moderate risk
2019-05-31,33.2,19.2,26.4,31.2,19.2,25.9,10.6,39.3,0.0,0,0.0,33.5,20.1,1018.1,1.9,12.2,333.7,28.9,9,Clear,93.5,26.1,28.65,1.25,muito elevados,3,moderate risk
2019-06-01,31.6,20.0,26.8,30.0,20.0,26.2,10.3,37.2,0.0,0,0.0,,19.8,1016.9,0.4,11.2,329.3,28.5,9,Clear,90.5,15.05,16.9,0.5,muito elevados,0,low risk
2019-06-02,33.1,21.7,26.8,31.1,21.7,26.1,7.2,29.7,0.0,0,0.0,,20.1,1016.8,2.1,11.3,322.6,27.9,9,Clear,75.5,15.4,17.799999999999997,0.4,muito elevados,2,moderate risk
2019-06-03,26.5,16.4,21.1,26.5,16.4,21.1,13.9,64.4,0.0,0,0.0,,19.1,1017.1,4.2,11.8,330.0,28.7,9,Clear,49.5,9.35,10.4,1.0,muito elevados,3,moderate risk
2019-06-04,22.9,16.0,18.7,22.9,16.0,18.7,13.5,73.0,1.855,100,12.5,,22.8,1015.3,8.4,11.3,197.7,17.0,8,Rain,58.0,8.55,9.9,1.0,muito elevados,3,moderate risk
2019-06-05,21.9,14.1,17.3,21.9,14.1,17.3,8.6,58.7,0.0,0,0.0,,22.0,1018.0,7.5,12.3,299.1,25.9,10,Clear,64.0,7.2,9.35,0.7,muito elevados,2,moderate risk
2019-06-06,20.5,13.1,16.1,20.5,13.1,16.1,11.8,77.0,4.127,100,20.83,57.6,35.6,1014.3,6.8,10.7,168.9,14.6,6,Rain,52.0,10.1,10.95,0.6,muito elevados,6,high risk
2019-06-07,20.5,12.2,16.6,20.5,12.2,16.6,8.4,60.9,0.013,100,8.33,,21.9,1019.2,7.8,12.0,275.2,23.8,9,Rain,67.5,9.55,10.3,0.9,elevados,3,moderate risk
2019-06-08,22.5,13.1,17.0,22.5,13.1,17.0,7.9,57.0,0.0,0,0.0,,24.6,1020.7,3.9,11.2,334.6,28.9,10,Clear,76.0,7.15,8.05,0.6,elevados,1,low risk
2019-06-09,23.3,12.6,17.6,23.3,12.6,17.6,11.0,66.2,0.0,0,0.0,35.3,19.9,1020.9,3.2,11.1,328.7,28.2,10,Clear,72.0,4.6,5.1,0.6,elevados,3,moderate risk
2019-06-10,23.0,14.6,18.1,23.0,14.6,18.1,10.3,62.6,0.0,0,0.0,40.7,24.7,1020.1,4.0,11.2,338.2,29.3,9,Clear,75.5,5.5,6.45,0.6,elevados,1,low risk
2019-06-11,22.5,15.0,17.9,22.5,15.0,17.9,9.9,61.9,0.0,0,0.0,53.6,31.9,1016.1,4.1,12.5,329.1,28.7,9,Clear,80.5,9.2,11.4,1.15,elevados,2,moderate risk
2019-06-12,22.9,14.1,17.6,22.9,14.1,17.6,7.6,54.3,0.0,0,0.0,44.6,28.7,1014.2,0.4,12.6,348.0,30.0,10,Clear,75.5,10.65,12.5,1.2,elevados,0,low risk
2019-06-13,21.5,13.4,16.8,21.5,13.4,16.8,8.3,59.5,0.0,0,0.0,,26.6,1013.4,4.0,11.1,285.4,24.8,10,Clear,78.5,7.65,8.2,0.5,elevados,1,low risk
2019-06-14,20.5,13.0,16.5,20.5,13.0,16.5,10.4,68.2,0.0,0,0.0,,20.4,1017.2,7.4,12.6,247.0,21.5,8,Clear,67.0,8.8,9.9,0.8,elevados,0,low risk
2019-06-15,22.5,13.1,17.6,22.5,13.1,17.6,10.8,66.0,0.001,100,4.17,,20.1,1020.9,4.1,11.2,267.3,23.2,7,Rain,75.0,11.3,12.5,0.55,elevados,2,moderate risk
2019-06-16,24.0,14.1,18.2,24.0,14.1,18.2,9.8,59.5,0.0,0,0.0,,23.2,1018.7,3.2,11.2,325.5,28.2,9,Clear,79.5,6.25,7.25,0.4,elevados,5,high risk
2019-06-17,22.2,13.0,17.3,22.2,13.0,17.3,11.3,69.2,0.0,0,0.0,,23.9,1016.5,4.2,11.7,270.1,23.5,8,Clear,63.0,7.8,8.65,0.6,elevados,2,moderate risk
2019-06-18,22.5,16.2,19.0,22.5,16.2,19.0,16.7,87.1,1.643,100,37.5,,34.2,1014.0,8.5,9.8,158.1,13.7,9,Rain,55.5,5.45,6.199999999999999,0.8,elevados,1,low risk
2019-06-19,23.4,17.6,20.0,23.4,17.6,20.0,16.3,80.7,0.327,100,29.17,,21.3,1016.0,10.4,11.5,172.6,14.9,5,Rain,51.0,5.35,7.15,0.7,elevados,3,moderate risk
2019-06-20,22.5,15.2,18.4,22.5,15.2,18.4,12.9,71.6,0.0,0,0.0,,21.9,1017.3,5.0,11.1,175.3,15.3,7,Clear,64.0,6.300000000000001,6.75,0.6499999999999999,elevados,2,moderate risk
2019-06-21,24.4,15.0,19.3,24.4,15.0,19.3,10.9,60.3,0.0,0,0.0,,23.6,1018.0,8.7,12.2,337.2,29.2,9,Clear,58.5,8.6,11.4,1.45,baixos,3,moderate risk
2019-06-22,25.5,14.1,19.1,25.5,14.1,19.1,11.1,62.6,0.0,0,0.0,35.3,22.5,1015.1,3.9,11.1,314.9,27.3,8,Clear,48.0,7.85,8.8,0.85,baixos,1,low risk
2019-06-23,21.2,17.7,19.0,21.2,17.7,19.0,17.8,93.0,2.081,100,37.5,,18.6,1013.2,6.2,6.8,132.5,11.4,5,Rain,37.0,5.1,6.45,0.75,baixos,1,low risk
2019-06-24,21.8,17.1,19.0,21.8,17.1,19.0,14.7,76.5,1.307,100,16.67,,11.9,1014.6,2.8,10.5,128.6,11.2,5,Rain,29.0,18.5,23.700000000000003,2.45,baixos,3,moderate risk
2019-06-25,26.9,17.6,20.6,27.3,17.6,20.6,14.5,68.9,0.018,100,12.5,42.5,15.8,1015.2,2.4,10.5,174.6,15.0,5,Rain,38.0,20.5,23.15,1.65,baixos,3,moderate risk
2019-06-26,25.3,17.6,19.8,25.3,17.6,19.8,16.2,81.0,0.774,100,20.83,,16.7,1015.6,3.0,9.9,166.7,14.4,7,Rain,29.0,16.45,18.6,1.25,baixos,1,low risk
2019-06-27,24.1,15.5,19.9,24.1,15.5,19.9,15.0,75.2,0.0,0,0.0,,22.1,1017.7,2.8,10.5,223.2,19.4,6,Clear,50.0,13.25,14.1,0.9,baixos,5,high risk
2019-06-28,28.0,16.9,21.6,28.2,16.9,21.6,13.8,63.1,0.0,0,0.0,46.4,24.5,1016.4,1.0,10.5,326.9,28.3,9,Clear,58.0,11.4,12.2,1.35,good,2,moderate risk
2019-06-29,27.0,17.6,21.8,27.6,17.6,21.9,14.5,64.2,0.0,0,0.0,48.2,24.9,1015.5,1.4,10.5,332.0,28.5,9,Clear,68.5,7.9,10.1,1.0,good,3,moderate risk
2019-06-30,24.7,17.6,20.6,24.7,17.6,20.6,14.2,67.7,0.0,0,0.0,46.4,24.6,1018.3,2.7,11.1,302.6,26.1,9,Clear,62.0,5.45,6.65,0.75,good,2,moderate risk
2019-07-01,23.6,17.5,20.0,23.6,17.5,20.0,14.1,69.4,0.0,0,0.0,42.5,26.4,1019.6,9.5,12.2,229.8,19.9,10,Clear,65.5,6.65,7.85,1.15,good,2,moderate risk
2019-07-02,23.4,17.6,20.1,23.4,17.6,20.1,14.7,71.5,0.0,0,0.0,,20.5,1016.1,9.1,12.0,142.1,12.3,5,Clear,65.0,6.5,8.350000000000001,0.9,good,1,low risk
2019-07-03,24.4,17.0,19.9,24.4,17.0,19.9,15.4,76.1,0.0,0,0.0,,18.3,1013.7,8.0,11.0,199.9,17.3,6,Clear,59.0,7.15,7.9,0.9,good,2,moderate risk
2019-07-04,22.5,17.0,19.4,22.5,17.0,19.4,16.0,81.7,0.0,0,0.0,,22.8,1015.1,7.4,11.7,190.1,16.3,6,Clear,62.5,5.15,5.949999999999999,0.6,good,3,moderate risk
2019-07-05,24.4,16.6,20.0,24.4,16.6,20.0,16.1,79.5,0.0,0,0.0,,25.3,1017.4,7.2,11.6,253.3,21.9,10,Clear,60.0,6.45,7.3,0.6,good,1,low risk
2019-07-06,24.5,17.7,20.6,24.5,17.7,20.6,16.8,79.8,0.0,0,0.0,,25.2,1016.3,4.8,10.6,176.7,15.4,5,Clear,67.5,4.6,5.65,0.4,good,1,low risk
2019-07-07,24.6,17.6,20.7,24.6,17.6,20.7,15.8,74.3,0.0,0,0.0,,17.2,1015.7,4.2,10.6,269.3,23.5,10,Clear,57.5,6.1,6.6,0.45,good,1,low risk
2019-07-08,24.4,17.1,20.4,24.4,17.1,20.4,15.6,74.9,0.0,0,0.0,,20.1,1015.3,7.3,11.7,301.4,26.0,10,Clear,79.0,7.6,8.350000000000001,0.8,good,0,low risk
2019-07-09,28.0,18.2,22.1,28.5,18.2,22.2,16.4,71.2,0.0,0,0.0,42.5,21.3,1015.5,8.6,11.2,291.7,25.2,9,Clear,80.5,11.15,13.0,0.95,good,1,low risk
2019-07-10,33.0,19.0,24.8,34.9,19.0,25.1,16.9,64.0,0.0,0,0.0,,23.6,1013.1,2.4,10.8,320.3,27.8,9,Clear,80.0,22.85,25.6,1.5499999999999998,good,3,moderate risk
2019-07-11,35.2,21.7,28.6,35.7,21.7,28.4,14.9,45.0,0.0,0,0.0,33.5,19.2,1011.6,0.8,11.9,323.0,28.0,9,Clear,97.5,23.8,25.0,0.85,good,1,low risk
2019-07-12,27.3,19.7,23.1,28.4,19.7,23.2,17.3,70.3,0.0,0,0.0,,21.6,1013.9,6.4,10.4,161.7,13.9,7,Clear,61.0,12.85,13.25,0.8,good,0,low risk
2019-07-13,25.1,18.6,21.5,25.1,18.6,21.5,17.8,80.8,0.001,100,4.17,,25.3,1015.7,5.6,10.0,209.1,17.9,7,Rain,57.5,6.300000000000001,7.25,0.4,good,2,moderate risk
2019-07-14,25.1,19.2,21.5,25.1,19.2,21.5,16.8,75.2,0.0,0,0.0,,23.1,1015.7,6.9,10.4,278.8,24.0,9,Clear,75.5,5.0,5.35,0.3,good,3,moderate risk
2019-07-15,24.4,18.5,21.1,24.4,18.5,21.1,16.5,75.7,0.015,100,4.17,48.2,26.0,1015.3,9.8,10.6,270.5,23.3,9,Rain,80.0,7.95,10.2,0.7,good,4,high risk
2019-07-16,24.5,18.5,20.0,24.5,18.5,20.0,16.0,77.9,0.0,0,0.0,42.5,22.9,1015.2,9.6,10.4,125.1,10.8,5,Clear,75.0,7.6,8.649999999999999,0.5,good,2,moderate risk
2019-07-17,23.4,18.0,19.5,23.4,18.0,19.5,15.4,77.1,0.0,0,0.0,57.6,31.4,1016.4,11.0,10.8,190.6,16.3,9,Clear,69.5,7.6,9.7,0.7,good,0,low risk
2019-07-18,28.6,17.1,21.9,28.4,17.1,21.9,14.3,64.3,0.0,0,0.0,,24.3,1015.6,1.9,12.2,329.6,28.6,9,Clear,50.5,11.35,13.65,1.65,good,1,low risk
2019-07-19,27.9,18.1,22.2,28.4,18.1,22.3,16.0,69.4,0.0,0,0.0,,26.2,1013.8,2.5,10.8,304.8,26.4,9,Clear,38.0,10.4,15.15,2.55,good,2,moderate risk
2019-07-20,29.5,18.1,22.3,30.0,18.1,22.5,16.4,70.3,0.0,0,0.0,51.8,26.8,1015.9,1.7,11.1,315.4,27.2,9,Clear,37.5,5.7,8.8,1.6,good,2,moderate risk
2019-07-21,30.0,18.0,22.8,29.8,18.0,22.9,15.0,63.3,0.0,0,0.0,,22.8,1018.0,0.7,10.9,323.6,27.8,9,Clear,65.0,6.449999999999999,7.949999999999999,0.7,good,1,low risk
2019-07-22,32.0,18.1,23.6,32.8,18.1,23.8,16.6,66.4,0.0,0,0.0,40.7,25.4,1016.8,1.1,11.6,308.1,26.4,9,Clear,60.0,15.1,17.25,1.1,good,3,moderate risk
2019-07-23,30.0,18.6,23.1,30.2,18.6,23.2,15.4,64.1,0.0,0,0.0,,24.1,1015.6,3.8,11.7,295.2,25.3,9,Clear,50.5,14.45,18.95,1.75,good,1,low risk
2019-07-24,31.7,18.0,23.4,30.8,18.0,23.4,15.7,64.7,0.0,0,0.0,,24.2,1014.6,1.8,11.8,315.8,27.1,9,Clear,27.0,10.1,12.8,1.65,good,0,low risk
2019-07-25,26.2,20.0,22.6,26.2,20.0,22.6,18.4,77.8,0.0,0,0.0,,23.2,1015.2,7.3,11.7,257.4,22.2,8,Clear,39.5,8.9,11.25,1.55,good,1,low risk
2019-07-26,25.3,19.0,21.2,25.3,19.0,21.2,14.3,66.0,0.0,0,0.0,,23.5,1017.5,6.5,12.3,271.2,23.4,9,Clear,48.5,6.65,7.550000000000001,1.05,good,0,low risk
2019-07-27,24.9,18.1,20.5,24.9,18.1,20.5,17.2,82.4,1.179,100,25.0,,19.2,1013.5,4.0,9.7,195.4,16.7,8,Rain,36.5,5.5,7.5,0.6499999999999999,good,2,moderate risk
2019-07-28,27.0,18.1,21.9,27.5,18.1,21.9,15.5,68.6,0.0,0,0.0,,21.6,1012.7,2.3,10.9,314.5,27.3,9,Clear,50.5,5.25,6.7,0.6,good,3,moderate risk
2019-07-29,25.5,18.1,21.2,25.5,18.1,21.2,14.3,66.3,0.0,0,0.0,53.6,30.2,1015.9,6.9,11.7,301.2,26.1,9,Clear,54.5,7.6,9.6,1.2,good,5,high risk
2019-07-30,24.6,16.6,20.1,24.6,16.6,20.1,11.3,59.2,0.0,0,0.0,59.4,31.6,1018.1,2.4,12.4,319.1,27.6,9,Clear,62.0,8.05,10.6,1.1,good,2,moderate risk
2019-07-31,27.5,17.1,21.5,27.0,17.1,21.4,12.3,57.5,0.0,0,0.0,51.8,25.8,1014.1,5.6,12.2,282.0,24.5,9,Clear,62.0,12.6,15.3,1.5499999999999998,good,3,moderate risk
2019-08-01,27.4,17.6,21.7,27.4,17.6,21.7,14.1,63.9,0.0,0,0.0,,26.2,1014.8,1.6,11.9,309.5,26.8,9,Clear,57.5,9.7,10.6,1.4,good,1,low risk
2019-08-02,27.1,17.7,21.4,27.2,17.7,21.4,14.8,67.8,0.0,0,0.0,44.6,24.5,1016.5,4.5,12.1,305.0,26.4,9,Clear,51.0,9.7,11.2,1.25,good,2,moderate risk
2019-08-03,28.1,17.6,22.1,29.1,17.6,22.3,16.1,69.6,0.0,0,0.0,,26.9,1015.5,1.6,10.5,300.7,25.9,9,Clear,42.5,7.3,9.0,0.95,good,1,low risk
2019-08-04,26.9,18.1,21.6,27.5,18.1,21.6,15.2,68.4,0.0,0,0.0,,22.7,1016.8,2.8,11.1,262.3,22.7,9,Clear,51.5,6.25,7.55,0.6,good,0,low risk
2019-08-05,28.9,17.6,22.3,28.9,17.6,22.3,15.3,66.6,0.0,0,0.0,,22.8,1016.2,1.8,12.2,301.0,25.9,9,Clear,46.0,8.55,10.35,1.4,good,0,low risk
2019-08-06,27.3,20.0,22.9,28.1,20.0,23.0,17.5,72.8,0.0,0,0.0,,20.7,1015.0,10.9,12.5,167.2,14.3,6,Clear,33.0,6.25,8.05,1.0,good,1,low risk
2019-08-07,26.0,20.0,22.0,26.0,20.0,22.0,19.2,84.8,0.346,100,20.83,,20.1,1014.6,7.3,11.7,192.4,16.5,8,Rain,27.5,8.1,11.45,1.4,good,1,low risk
2019-08-08,25.6,21.1,22.5,25.6,21.1,22.5,21.0,92.0,2.707,100,41.67,,23.6,1014.4,10.0,7.8,132.1,11.4,5,Rain,20.0,5.8,8.3,1.2000000000000002,good,0,low risk
2019-08-09,24.2,19.2,21.3,24.2,19.2,21.3,18.6,85.8,3.252,100,54.17,,22.7,1017.2,9.2,10.4,186.3,16.1,9,Rain,46.0,10.25,11.85,0.7,good,1,low risk
2019-08-10,26.0,17.6,21.3,26.0,17.6,21.3,14.9,69.0,0.105,100,8.33,,21.0,1020.5,3.8,10.5,243.5,21.1,8,Rain,56.5,8.2,9.2,0.6499999999999999,good,1,low risk
2019-08-11,24.5,16.7,20.3,24.5,16.7,20.3,13.4,66.5,0.396,100,4.17,,25.7,1021.3,3.6,10.8,248.5,21.5,9,Rain,57.5,6.2,6.7,0.55,good,0,low risk
2019-08-12,26.2,16.6,20.5,26.2,16.6,20.5,11.7,59.8,0.0,0,0.0,48.2,33.0,1020.4,5.0,12.0,286.5,24.8,9,Clear,66.0,6.9,8.8,1.15,good,3,moderate risk
2019-08-13,27.6,17.5,21.4,27.1,17.5,21.4,12.0,57.2,0.0,0,0.0,50.0,27.4,1019.2,5.0,12.1,297.9,25.8,9,Clear,72.0,9.5,10.75,1.1,good,2,moderate risk
2019-08-14,30.0,17.6,23.1,29.3,17.6,23.0,13.8,58.2,0.0,0,0.0,48.2,27.6,1019.4,1.0,12.4,287.1,24.8,9,Clear,55.0,8.6,11.0,1.2000000000000002,good,2,moderate risk
2019-08-15,31.7,20.1,24.6,30.5,20.1,24.4,15.0,58.5,0.0,0,0.0,59.4,28.9,1018.3,0.6,11.1,317.4,27.4,9,Clear,52.0,6.0,7.199999999999999,0.75,good,0,low risk
2019-08-16,29.1,19.0,23.2,29.1,19.0,23.3,16.1,66.3,0.0,0,0.0,51.8,26.6,1017.9,1.1,12.5,158.9,13.6,6,Clear,42.5,8.1,10.95,1.65,good,2,moderate risk
2019-08-17,30.4,19.1,23.2,31.4,19.1,23.3,17.3,71.2,0.0,0,0.0,,24.5,1015.9,2.3,10.9,272.3,23.5,9,Clear,32.0,5.65,7.85,0.9,good,0,low risk
2019-08-18,27.9,19.0,22.7,29.8,19.0,22.8,18.0,75.4,0.0,0,0.0,,21.7,1016.0,4.6,11.0,123.1,10.6,5,Clear,30.5,5.8,8.0,1.0,good,0,low risk
2019-08-19,25.4,17.0,20.2,25.4,17.0,20.2,12.8,63.6,0.0,0,0.0,,26.0,1017.8,4.5,12.1,258.3,22.4,8,Clear,68.5,7.15,8.25,0.7,good,0,low risk
2019-08-20,29.5,17.1,22.3,29.0,17.1,22.2,13.7,60.4,0.0,0,0.0,44.6,24.7,1017.2,0.9,11.9,290.0,25.0,9,Clear,69.5,8.95,10.85,0.95,good,1,low risk
2019-08-21,32.5,18.7,24.7,33.1,18.7,24.8,14.8,56.1,0.0,0,0.0,40.7,22.0,1016.0,0.7,12.0,267.6,23.0,8,Clear,68.0,15.2,18.95,0.7,good,1,low risk
2019-08-22,33.1,20.2,26.2,32.8,20.2,26.0,12.8,44.2,0.0,0,0.0,,18.4,1015.6,1.0,11.7,272.8,23.6,8,Clear,95.0,29.6,30.8,0.6,good,1,low risk
2019-08-23,34.3,22.1,27.3,34.3,22.1,27.2,14.0,45.2,0.0,0,0.0,33.5,23.2,1015.1,0.8,11.5,266.8,23.0,8,Clear,80.0,20.0,22.65,0.6499999999999999,good,2,moderate risk
2019-08-24,32.4,20.5,25.6,32.3,20.5,25.5,12.1,44.1,0.0,0,0.0,40.7,25.2,1016.0,0.1,10.5,268.1,23.2,8,Clear,72.5,16.9,18.0,0.65,good,1,low risk
2019-08-25,26.1,17.2,20.8,26.1,17.2,20.8,14.5,68.0,0.005,100,4.17,,21.5,1015.1,4.3,11.1,223.8,19.4,8,Rain,64.0,7.6,8.25,0.45,good,2,moderate risk
2019-08-26,27.3,18.0,21.8,27.9,18.0,21.9,15.8,69.8,0.02,100,4.17,38.9,21.6,1013.5,4.9,11.4,200.0,17.1,8,Rain,67.0,13.3,14.85,0.65,good,2,moderate risk
2019-08-27,25.9,18.6,21.7,25.9,18.6,21.7,16.4,72.8,0.0,0,0.0,,19.8,1016.6,6.4,11.7,181.4,15.8,8,Clear,71.0,7.45,8.7,0.6,good,0,low risk
2019-08-28,27.7,18.6,21.8,28.1,18.6,21.9,16.0,70.4,0.0,0,0.0,,21.7,1017.2,2.8,11.0,263.1,22.7,8,Clear,64.5,15.3,16.4,0.95,good,1,low risk
2019-08-29,30.2,17.6,22.7,29.5,17.6,22.6,14.4,62.4,0.0,0,0.0,37.1,20.0,1018.0,3.4,12.4,268.7,23.2,8,Clear,51.0,17.85,21.45,1.4,good,1,low risk
2019-08-30,32.0,18.0,23.6,30.7,18.0,23.4,13.9,57.1,0.0,0,0.0,27.7,19.7,1017.9,0.0,12.1,261.9,22.7,8,Clear,45.0,19.8,22.2,0.95,good,2,moderate risk
2019-08-31,29.0,18.0,22.3,29.1,18.0,22.3,15.0,64.8,0.0,0,0.0,,22.0,1016.4,0.6,10.5,260.1,22.4,8,Clear,64.0,10.1,11.75,0.6,good,3,moderate risk
2019-09-01,29.4,18.1,22.5,28.9,18.1,22.5,14.8,64.1,0.0,0,0.0,,23.2,1014.7,1.1,11.1,260.0,22.4,8,Clear,59.5,8.3,10.45,0.75,good,2,moderate risk
2019-09-02,30.6,17.0,23.4,30.6,17.0,23.3,14.4,60.1,0.0,0,0.0,37.1,19.3,1014.5,0.1,11.7,261.1,22.6,8,Clear,35.5,35.3,39.6,4.15,good,5,high risk
2019-09-03,33.1,19.5,26.1,32.4,19.5,25.8,13.8,48.9,0.0,0,0.0,38.9,21.2,1017.5,0.0,12.4,253.6,22.0,8,Clear,50.5,36.2,38.85,1.85,good,0,low risk
2019-09-04,35.0,21.3,27.2,35.6,21.3,26.9,13.3,43.9,0.0,0,0.0,42.5,23.2,1017.2,0.4,11.9,252.4,21.8,8,Clear,62.5,31.1,32.05,1.15,good,3,moderate risk
2019-09-05,32.2,18.6,24.8,31.3,18.6,24.5,13.5,52.2,0.0,0,0.0,42.5,24.0,1014.9,0.4,12.0,257.3,22.4,8,Clear,62.0,22.85,25.700000000000003,0.95,good,1,low risk
2019-09-06,32.5,22.6,26.7,30.9,22.6,26.2,8.7,32.4,0.0,0,0.0,35.3,25.8,1015.0,0.5,12.5,253.6,22.1,8,Clear,80.0,19.6,20.45,0.7,baixos,0,low risk
2019-09-07,31.5,22.0,25.3,29.7,22.0,25.1,8.6,34.9,0.0,0,0.0,48.2,23.5,1014.9,0.1,11.1,235.5,20.3,8,Clear,71.0,16.1,18.3,0.6,baixos,0,low risk
2019-09-08,29.2,19.3,24.1,29.3,19.3,24.1,13.9,53.7,0.0,0,0.0,35.3,22.7,1015.7,1.4,11.0,243.3,21.0,8,Clear,68.5,29.5,32.2,0.9,baixos,4,high risk
2019-09-09,25.8,17.4,20.8,25.8,17.4,20.8,12.9,61.3,0.0,0,0.0,46.4,23.8,1018.5,5.5,11.6,218.3,19.0,8,Clear,54.0,0.0,0.0,0.0,baixos,0,low risk
2019-09-10,22.1,16.1,18.8,22.1,16.1,18.8,10.5,60.8,0.005,100,4.17,57.6,34.0,1020.5,6.9,12.4,244.3,21.1,8,Rain,58.0,0.0,0.0,0.0,baixos,0,low risk
2019-09-11,28.0,16.6,21.6,27.1,16.6,21.5,8.8,45.5,0.0,0,0.0,,28.8,1020.8,2.0,12.4,241.4,21.1,8,Clear,70.5,0.0,0.0,0.0,baixos,1,low risk
2019-09-12,31.7,21.5,26.1,30.2,21.5,25.7,10.1,37.1,0.0,0,0.0,,28.6,1021.6,0.0,12.2,239.7,20.7,8,Clear,86.5,0.0,0.0,0.0,baixos,2,moderate risk
2019-09-13,31.6,22.9,27.0,29.8,22.9,26.6,11.0,37.8,0.0,0,0.0,44.6,25.3,1020.0,4.5,11.7,216.8,18.8,7,Clear,85.0,0.0,0.0,0.0,good,2,moderate risk
2019-09-14,30.5,21.0,25.4,29.6,21.0,25.3,13.5,48.6,0.0,0,0.0,38.9,19.7,1018.1,0.3,11.0,224.2,19.2,8,Clear,89.5,0.0,0.0,0.0,good,3,moderate risk
2019-09-15,28.6,21.5,24.1,28.8,21.5,24.1,14.8,56.5,0.0,0,0.0,,20.1,1017.7,1.8,11.1,181.9,15.6,7,Clear,72.5,0.0,0.0,0.0,good,1,low risk
2019-09-16,24.1,16.7,20.2,24.1,16.7,20.2,16.1,77.8,0.0,0,0.0,,21.0,1017.7,4.1,10.9,212.3,18.4,7,Clear,62.5,0.0,0.0,0.0,good,2,moderate risk
2019-09-17,26.1,17.2,20.8,26.1,17.2,20.8,15.8,74.7,0.0,0,0.0,,17.6,1015.7,1.8,11.3,190.7,16.5,7,Clear,62.0,0.0,0.0,0.0,good,3,moderate risk
2019-09-18,26.3,17.2,20.4,26.3,17.2,20.4,14.7,70.7,0.0,0,0.0,,18.2,1016.0,5.3,11.6,217.4,18.8,7,Clear,70.5,0.0,0.0,0.0,good,0,low risk
2019-09-19,24.5,17.2,20.2,24.5,17.2,20.2,15.4,74.6,0.0,0,0.0,40.7,17.5,1016.5,6.2,11.0,136.9,11.9,5,Clear,65.5,0.0,0.0,0.0,good,0,low risk
2019-09-20,23.4,18.1,19.9,23.4,18.1,19.9,16.6,82.0,0.173,100,16.67,27.7,19.1,1013.9,6.8,11.0,123.0,10.4,4,Rain,56.5,0.0,0.0,0.0,good,2,moderate risk
2019-09-21,22.5,16.7,19.7,22.5,16.7,19.7,18.7,93.7,15.916,100,58.33,,32.2,1010.8,3.6,9.5,71.6,6.1,3,Rain,43.5,0.0,0.0,0.0,good,3,moderate risk
2019-09-22,23.0,16.5,18.8,23.0,16.5,18.8,15.0,81.0,0.287,100,12.5,,14.6,1016.9,3.4,10.8,169.2,14.6,7,Rain,24.5,0.0,0.0,0.0,good,1,low risk
2019-09-23,23.5,15.6,19.0,23.5,15.6,19.0,15.4,80.5,0.043,100,4.17,24.1,23.3,1021.1,4.4,11.3,206.9,17.9,7,Rain,18.5,0.0,0.0,0.0,good,4,high risk
2019-09-24,23.8,17.2,20.1,23.8,17.2,20.1,17.6,86.1,0.285,100,16.67,,18.6,1020.8,10.2,9.8,154.3,13.2,5,Rain,27.0,17.7,24.7,4.75,good,4,high risk
2019-09-25,23.5,16.5,19.5,23.5,16.5,19.5,14.1,72.4,0.0,0,0.0,,20.0,1021.0,4.7,11.6,194.2,16.8,6,Clear,43.0,12.55,17.8,2.6,good,2,moderate risk
2019-09-26,25.5,16.6,20.0,25.5,16.6,20.0,13.9,69.7,0.0,0,0.0,46.4,22.8,1019.9,1.5,12.3,219.5,18.9,7,Clear,48.0,12.0,16.05,2.5,good,6,high risk
2019-09-27,26.5,17.0,20.4,26.5,17.0,20.4,14.6,70.8,0.0,0,0.0,,24.6,1020.5,3.0,12.2,211.7,18.3,7,Clear,50.0,13.9,17.700000000000003,2.6500000000000004,good,6,high risk
2019-09-28,25.6,16.9,20.2,25.6,16.9,20.2,14.1,69.0,0.0,0,0.0,,21.9,1019.5,1.1,10.9,216.0,18.6,7,Clear,49.5,16.4,19.3,2.75,good,0,low risk
2019-09-29,26.6,15.1,19.9,26.6,15.1,19.9,14.4,71.3,0.0,0,0.0,,22.9,1019.0,1.6,10.8,216.6,18.9,7,Clear,41.5,11.85,16.5,2.9,good,3,moderate risk
2019-09-30,25.2,17.6,20.9,25.2,17.6,20.9,17.5,81.3,0.0,0,0.0,31.7,20.1,1017.0,4.0,11.1,199.5,17.1,7,Clear,26.0,15.05,22.55,3.5,good,4,high risk
2019-10-01,26.5,17.2,21.1,26.5,17.2,21.1,16.3,75.2,0.0,0,0.0,,16.2,1018.4,7.3,11.8,203.4,17.6,8,Clear,45.0,12.3,15.85,2.8,good,1,low risk
2019-10-02,23.6,16.0,19.1,23.6,16.0,19.1,13.3,70.5,0.0,0,0.0,,22.3,1020.7,16.6,12.3,197.5,17.1,7,Clear,49.0,15.05,23.15,2.2,good,1,low risk
2019-10-03,25.5,15.5,19.8,25.5,15.5,19.8,14.9,73.8,0.0,0,0.0,,18.9,1020.9,5.5,11.8,178.3,15.4,6,Clear,42.0,12.1,16.05,2.5,good,2,moderate risk
2019-10-04,25.1,18.0,21.0,25.1,18.0,21.0,16.1,75.3,0.0,0,0.0,,18.1,1018.9,6.0,11.5,144.2,12.3,5,Clear,45.5,11.1,16.2,2.8,good,1,low risk
2019-10-05,23.5,16.4,18.9,23.5,16.4,18.9,13.0,69.4,0.0,0,0.0,,23.1,1018.6,3.0,11.1,175.4,15.2,7,Clear,60.0,11.85,15.1,2.05,good,8,high risk
2019-10-06,27.2,16.6,20.7,27.4,16.6,20.7,14.4,68.5,0.0,0,0.0,,21.4,1020.2,2.2,11.1,208.8,17.8,7,Clear,52.5,9.75,13.9,2.35,good,4,high risk
2019-10-07,28.2,16.9,21.7,27.2,16.9,21.5,9.5,50.3,0.0,0,0.0,,23.3,1019.0,5.1,11.4,200.3,17.5,7,Clear,39.5,24.05,29.65,3.6,good,5,high risk
2019-10-08,27.5,18.1,22.1,28.4,18.1,22.3,16.1,69.4,0.0,0,0.0,,26.3,1017.6,4.4,12.2,90.2,7.8,5,Clear,31.0,10.65,17.45,4.55,good,2,moderate risk
2019-10-09,22.5,16.5,18.6,22.5,16.5,18.6,9.9,58.4,0.0,0,0.0,57.6,34.7,1018.9,3.2,12.3,202.3,17.5,7,Clear,61.5,11.85,15.4,1.65,good,1,low risk
2019-10-10,26.9,15.9,20.5,26.7,15.9,20.4,11.3,57.8,0.0,0,0.0,31.7,24.0,1017.3,0.0,12.0,198.8,17.0,7,Clear,45.0,33.4,40.55,3.3,good,0,low risk
2019-10-11,26.0,17.3,20.6,26.0,17.3,20.6,12.7,61.3,0.0,0,0.0,29.5,17.2,1016.4,5.8,11.5,136.9,12.0,6,Clear,28.0,63.2,72.8,5.699999999999999,good,2,moderate risk
2019-10-12,24.0,18.5,20.3,24.0,18.5,20.3,16.4,78.9,0.0,0,0.0,,27.9,1013.7,4.5,10.3,119.8,10.2,4,Clear,70.0,7.9,9.75,1.25,good,2,moderate risk
2019-10-13,23.9,18.1,19.9,23.9,18.1,19.9,16.7,82.6,3.527,100,8.33,,28.9,1012.6,5.1,10.5,110.5,9.5,6,Rain,64.0,5.35,7.25,1.15,good,4,high risk
2019-10-14,19.1,13.7,16.1,19.1,13.7,16.1,12.9,82.9,19.414,100,50.0,38.9,22.9,1015.5,8.4,10.3,142.4,12.3,7,Rain,54.0,12.45,15.05,2.2,good,4,high risk
2019-10-15,20.9,13.6,16.3,20.9,13.6,16.3,11.8,75.8,0.007,100,4.17,,20.6,1022.2,9.8,12.3,145.5,12.6,6,Rain,23.0,27.55,36.7,5.95,good,1,low risk
2019-10-16,21.6,13.4,17.2,21.6,13.4,17.2,13.4,79.0,0.0,0,0.0,31.7,24.1,1020.1,9.3,11.8,104.9,9.1,4,Clear,47.0,19.15,23.55,2.55,good,3,moderate risk
2019-10-17,21.2,18.0,19.6,21.2,18.0,19.6,18.5,93.4,3.738,100,58.33,,23.2,1017.9,11.7,9.4,86.9,7.5,3,Rain,45.5,11.25,13.1,1.35,good,0,low risk
2019-10-18,20.1,15.5,17.4,20.1,15.5,17.4,14.2,82.3,0.941,100,12.5,,17.5,1017.9,11.3,12.5,119.0,10.2,6,Rain,42.0,15.3,18.25,2.6500000000000004,good,4,high risk
2019-10-19,18.6,14.2,16.5,18.6,14.2,16.5,14.5,88.2,7.936,100,25.0,40.7,31.4,1009.8,4.8,9.7,85.0,7.4,5,Rain,56.0,11.35,13.3,1.5,good,5,high risk
2019-10-20,19.0,12.5,15.1,19.0,12.5,15.1,9.9,72.2,0.287,100,8.33,,16.1,1014.2,2.2,10.9,134.6,11.6,6,Rain,52.0,12.0,14.6,1.55,good,3,moderate risk
2019-10-21,19.4,12.1,15.0,19.4,12.1,15.0,10.0,73.2,0.032,100,4.17,,15.5,1017.5,5.5,12.1,160.5,13.7,6,Rain,41.0,25.05,29.25,3.3,good,1,low risk
2019-10-22,19.5,11.9,15.0,19.5,11.9,15.0,8.0,64.8,0.0,0,0.0,,22.4,1014.1,2.3,12.3,177.3,15.3,7,Clear,50.5,18.35,21.55,2.05,good,5,high risk
2019-10-23,18.0,14.2,15.6,18.0,14.2,15.6,10.3,70.8,0.0,0,0.0,48.2,27.4,1013.9,8.3,11.5,118.3,10.1,5,Clear,61.0,11.85,13.9,1.6,good,2,moderate risk
2019-10-24,20.9,13.0,16.1,20.9,13.0,16.1,11.9,76.9,0.0,0,0.0,,16.2,1020.7,6.2,12.2,169.3,14.6,7,Clear,26.0,24.950000000000003,32.0,5.25,good,3,moderate risk
2019-10-25,22.3,12.3,16.5,22.3,12.3,16.5,11.1,73.3,0.0,0,0.0,31.7,17.1,1020.6,2.9,11.1,174.1,15.1,6,Clear,34.0,39.85,47.45,5.35,good,3,moderate risk
2019-10-26,21.9,12.8,16.5,21.9,12.8,16.5,13.1,81.3,0.0,0,0.0,,10.6,1018.5,3.8,10.0,157.2,13.6,6,Clear,31.5,39.75,48.7,4.75,good,4,high risk
2019-10-27,19.9,14.0,17.0,19.9,14.0,17.0,14.8,86.9,0.0,0,0.0,27.7,17.1,1018.1,3.5,9.3,85.6,7.6,4,Clear,54.0,19.1,24.5,3.15,good,4,high risk
2019-10-28,20.2,16.6,18.3,20.2,16.6,18.3,17.8,96.7,7.883,100,45.83,27.7,16.1,1017.2,9.3,7.5,80.6,6.8,3,Rain,37.0,16.9,20.35,1.75,good,3,moderate risk
2019-10-29,22.4,17.5,19.2,22.4,17.5,19.2,18.3,95.2,0.107,100,16.67,,17.5,1018.5,10.6,8.0,119.7,10.2,6,Rain,37.0,14.0,16.25,1.7,good,4,high risk
2019-10-30,20.6,18.1,19.4,20.6,18.1,19.4,19.0,97.7,1.617,100,20.83,,20.1,1022.3,12.2,7.3,41.3,3.6,2,Rain,33.0,13.5,16.95,2.05,good,2,moderate risk
2019-10-31,21.6,19.2,20.0,21.6,19.2,20.0,19.5,96.4,0.303,100,25.0,37.1,19.0,1025.4,8.4,9.3,41.6,3.6,2,Rain,18.0,20.05,26.2,4.65,good,0,low risk
2019-11-01,23.1,18.6,19.7,23.1,18.6,19.7,18.8,94.6,0.308,100,8.33,,21.3,1023.6,4.0,9.7,54.7,4.8,2,Rain,23.0,8.7,12.15,1.9,good,3,moderate risk
2019-11-02,19.2,16.7,18.1,19.2,16.7,18.1,16.9,93.0,9.351,100,45.83,,22.4,1014.7,5.2,10.0,88.1,7.6,4,Rain,52.5,8.399999999999999,10.55,1.2,good,3,moderate risk
2019-11-03,20.4,16.6,17.9,20.4,16.6,17.9,15.4,85.5,1.096,100,20.83,37.1,21.0,1015.1,5.6,10.6,100.0,8.8,5,Rain,58.0,6.1,8.9,1.45,good,7,high risk
2019-11-04,21.0,14.2,17.0,21.0,14.2,17.0,14.1,83.4,1.741,100,29.17,51.8,30.3,1015.2,8.5,11.0,70.9,6.2,4,Rain,58.0,12.25,15.95,1.65,good,1,low risk
2019-11-05,19.4,13.7,15.7,19.4,13.7,15.7,11.4,76.1,0.118,100,20.83,50.0,23.0,1018.4,7.3,11.2,136.1,11.6,6,Rain,56.0,11.4,16.450000000000003,2.05,good,1,low risk
2019-11-06,18.6,13.2,15.7,18.6,13.2,15.7,12.6,82.5,0.386,100,12.5,,17.0,1019.8,8.0,11.2,72.0,6.3,3,Rain,46.0,18.6,23.0,2.95,good,1,low risk
2019-11-07,18.0,12.6,15.3,18.0,12.6,15.3,10.4,74.3,1.207,100,37.5,,25.2,1018.0,8.5,10.8,129.7,11.1,6,Rain,51.0,13.05,15.85,1.8,good,5,high risk
2019-11-08,16.5,10.6,13.0,16.5,10.6,13.0,7.8,72.0,1.266,100,37.5,,18.0,1022.8,7.1,12.0,125.7,11.0,5,Rain,39.5,18.4,21.55,2.75,good,1,low risk
2019-11-09,18.4,10.6,13.9,18.4,10.6,13.9,10.6,80.7,1.169,100,16.67,,26.6,1024.6,4.7,10.5,44.1,3.7,2,Rain,46.0,25.55,29.15,2.45,good,1,low risk
2019-11-10,17.5,13.2,14.8,17.5,13.2,14.8,10.6,77.0,0.392,100,16.67,,19.7,1024.7,4.4,10.4,64.2,5.6,3,Rain,56.5,12.4,14.6,1.35,good,1,low risk
2019-11-11,19.4,13.6,16.3,19.4,13.6,16.3,13.1,81.8,0.222,100,8.33,,29.6,1020.9,6.8,11.5,56.6,4.9,2,Rain,58.5,13.65,17.1,1.35,good,3,moderate risk
2019-11-12,17.1,12.1,14.6,17.1,12.1,14.6,10.8,78.3,0.005,100,4.17,48.2,25.9,1019.8,7.3,10.2,58.7,5.1,2,Rain,50.5,18.35,21.65,1.9,good,4,high risk
2019-11-13,18.5,13.2,15.8,18.5,13.2,15.8,13.0,83.8,0.855,100,25.0,,22.9,1016.6,10.8,10.8,71.6,6.3,3,Rain,0.0,0.0,0.0,0.0,good,1,low risk
2019-11-14,15.9,9.2,13.1,15.9,7.8,13.0,9.6,79.7,5.402,100,75.0,50.0,28.3,1013.6,8.6,10.5,93.4,8.2,4,Rain,58.5,14.35,17.799999999999997,1.6,good,0,low risk
2019-11-15,12.9,7.7,10.3,12.9,6.1,9.6,4.9,69.7,0.237,100,41.67,53.6,28.8,1013.4,5.0,11.3,114.1,9.8,6,Rain,45.5,24.65,29.0,1.95,good,6,high risk
2019-11-16,14.6,8.2,11.2,14.6,6.2,10.5,5.2,67.5,0.001,100,4.17,,17.2,1018.7,1.6,11.0,139.2,12.0,6,Rain,50.5,19.65,22.0,1.85,good,0,low risk
2019-11-17,18.0,11.1,14.2,18.0,11.1,14.2,13.1,93.5,12.247,100,62.5,,26.0,1017.0,5.6,9.8,32.2,3.0,1,Rain,49.0,17.85,20.65,1.7,good,4,high risk
2019-11-18,15.9,9.6,12.3,15.9,9.3,12.3,7.1,71.7,0.056,100,4.17,,23.2,1018.7,3.1,12.0,134.1,11.7,6,Rain,48.0,28.15,30.35,2.5,good,7,high risk
2019-11-19,12.2,9.4,10.8,12.2,8.8,10.7,9.1,89.3,4.978,100,33.33,,13.6,1017.3,10.3,10.1,37.7,3.1,2,Rain,25.0,42.4,54.6,8.8,good,3,moderate risk
2019-11-20,16.9,11.2,13.1,16.9,11.2,13.1,11.7,91.6,19.441,100,58.33,,21.6,1009.0,8.8,10.7,90.7,7.8,5,Rain,41.5,18.05,28.1,7.5,good,2,moderate risk
2019-11-21,18.0,12.1,14.0,18.0,12.1,14.0,12.5,90.9,2.036,100,41.67,,14.1,1007.4,7.1,11.7,110.6,9.6,5,Rain,26.0,24.05,40.45,9.05,good,3,moderate risk
2019-11-22,17.8,13.7,15.6,17.8,13.7,15.6,13.1,86.0,32.052,100,54.17,66.6,40.5,999.8,9.6,8.6,66.2,5.6,4,Rain,58.0,10.85,14.0,2.0,good,4,high risk
2019-11-23,17.3,11.2,13.5,17.3,11.2,13.5,9.4,76.9,1.168,100,33.33,37.1,18.9,1011.2,3.3,10.9,121.9,10.7,5,Rain,57.0,11.65,16.25,3.2,good,5,high risk
2019-11-24,16.5,10.9,14.0,16.5,10.9,14.0,12.3,90.0,4.047,100,29.17,,26.3,1017.1,6.5,9.5,58.4,5.1,2,Rain,43.5,13.8,18.75,3.7,good,5,high risk
2019-11-25,19.5,14.8,16.8,19.5,14.8,16.8,16.1,95.7,8.408,100,41.67,,26.0,1016.5,8.9,8.6,82.5,7.2,4,Rain,41.0,12.95,19.4,3.55,good,9,high risk
2019-11-26,17.2,14.3,16.5,17.2,14.3,16.5,16.2,98.2,20.177,100,41.67,57.6,33.0,1013.5,11.0,8.2,39.3,3.3,2,Rain,38.0,12.45,17.549999999999997,3.1,good,3,moderate risk
2019-11-27,18.4,12.2,14.6,18.4,12.2,14.6,12.9,90.3,1.551,100,20.83,,19.3,1015.6,7.7,11.1,77.1,6.5,4,Rain,33.5,20.6,30.25,6.45,good,1,low risk
2019-11-28,18.8,13.7,16.3,18.8,13.7,16.3,15.0,92.4,0.094,100,4.17,,22.4,1017.9,7.2,10.4,87.7,7.5,5,Rain,42.5,13.2,19.25,3.95,good,1,low risk
2019-11-29,18.5,16.1,17.0,18.5,16.1,17.0,16.1,94.7,0.095,100,8.33,,17.5,1021.0,9.8,10.7,53.7,4.6,2,Rain,35.0,17.9,25.55,4.15,good,0,low risk
2019-11-30,17.1,12.7,15.6,17.1,12.7,15.6,14.8,95.1,1.433,100,20.83,,19.5,1020.4,5.0,10.4,43.7,3.8,2,Rain,36.0,14.8,21.0,4.5,good,3,moderate risk
2019-12-01,15.5,12.6,13.7,15.5,12.6,13.7,10.5,81.7,1.492,100,20.83,50.0,27.7,1012.7,18.1,10.8,65.7,5.7,4,Rain,53.5,10.2,13.55,2.45,good,1,low risk
2019-12-02,15.2,10.6,13.0,15.2,10.6,13.0,6.0,62.9,0.016,100,4.17,,32.6,1013.4,2.1,12.4,121.9,10.7,5,Rain,41.5,17.7,23.0,3.1500000000000004,good,6,high risk
2019-12-03,15.6,9.7,12.0,15.6,7.8,11.9,4.9,62.4,0.0,0,0.0,33.5,24.0,1014.5,0.0,12.0,122.5,10.5,5,Clear,33.0,27.4,38.25,6.1,good,1,low risk
2019-12-04,12.9,7.5,10.4,12.9,6.5,10.0,6.4,77.1,0.0,0,0.0,,15.8,1011.8,6.3,11.7,108.8,9.4,5,Clear,22.5,32.4,45.25,9.1,good,1,low risk
2019-12-05,15.7,10.4,13.2,15.7,10.4,13.2,6.4,63.7,0.0,0,0.0,,22.6,1016.3,1.2,12.1,117.1,10.1,5,Clear,35.5,25.15,34.7,4.7,good,3,moderate risk
2019-12-06,16.7,11.5,13.8,16.7,11.5,13.8,7.1,64.2,0.0,0,0.0,42.5,22.0,1021.4,3.6,11.8,112.6,9.7,5,Clear,30.0,29.05,40.35,5.2,good,2,moderate risk
2019-12-07,18.3,10.0,13.1,18.3,10.0,13.1,8.9,76.2,0.0,0,0.0,,12.2,1024.9,2.0,10.2,99.8,8.6,5,Clear,17.5,38.7,60.0,8.4,good,2,moderate risk
2019-12-08,16.6,12.1,14.7,16.6,12.1,14.7,13.7,93.9,0.0,0,0.0,,14.3,1027.1,7.5,8.1,32.5,2.9,2,Clear,26.5,23.05,34.3,6.6,good,2,moderate risk
2019-12-09,17.5,11.5,14.0,17.5,11.5,14.0,10.2,78.6,0.0,0,0.0,31.7,15.2,1030.5,5.1,10.8,102.9,9.1,5,Clear,20.5,42.9,71.44999999999999,18.25,good,1,low risk
2019-12-10,14.5,8.4,10.9,14.5,7.7,10.8,8.0,83.0,0.0,0,0.0,,10.3,1029.0,9.5,8.9,104.9,9.0,5,Clear,2.0,46.9,113.25,42.8,good,2,moderate risk
2019-12-11,14.4,10.1,12.2,14.4,10.1,12.2,8.3,78.7,0.597,100,12.5,,26.0,1029.2,6.5,10.6,92.5,8.0,5,Rain,25.0,32.4,41.1,5.7,good,1,low risk
2019-12-12,15.5,10.1,13.1,15.5,10.1,13.1,11.0,87.3,1.471,100,45.83,50.0,25.2,1026.9,9.2,10.0,49.5,4.3,3,Rain,49.5,19.85,24.450000000000003,3.35,good,3,moderate risk
2019-12-13,17.9,13.1,14.8,17.9,13.1,14.8,12.4,85.5,0.206,100,16.67,40.7,21.2,1024.6,8.7,11.5,66.6,5.5,4,Rain,52.0,20.8,27.15,3.9,good,2,moderate risk
2019-12-14,17.9,12.0,13.9,17.9,12.0,13.9,12.0,89.1,0.542,100,20.83,,18.8,1021.6,4.7,10.6,80.4,7.1,4,Rain,47.5,19.4,25.8,4.55,good,3,moderate risk
2019-12-15,16.6,12.1,14.2,16.6,12.1,14.2,13.2,94.3,3.68,100,50.0,,27.9,1012.1,7.8,9.9,54.8,4.9,3,Rain,65.5,8.5,11.45,2.0,good,4,high risk
2019-12-16,13.1,10.2,11.7,13.1,10.2,11.7,10.9,94.7,14.135,100,79.17,,17.3,997.9,7.1,8.4,26.2,2.1,2,Rain,0.0,31.05,37.5,4.800000000000001,good,4,high risk
2019-12-17,15.8,8.5,11.7,15.8,7.5,11.4,7.1,74.3,0.917,100,29.17,,17.5,1009.3,6.9,11.8,104.3,9.1,5,Rain,0.0,14.75,17.4,1.7,good,1,low risk
2019-12-18,17.6,12.1,15.2,17.6,12.1,15.2,14.4,94.9,5.538,100,37.5,72.4,44.4,1013.1,14.7,9.8,40.5,3.5,2,Rain,0.0,5.9,8.1,1.2,good,3,moderate risk
2019-12-19,17.2,14.7,16.3,17.2,14.7,16.3,15.6,95.6,16.722,100,41.67,87.1,57.1,1006.3,25.8,8.3,14.2,1.2,1,"Rain, Partially cloudy",65.0,5.8,7.800000000000001,1.3,good,5,high risk
2019-12-20,17.2,15.0,16.2,17.2,15.0,16.2,15.8,97.7,39.75,100,79.17,74.2,46.8,1004.3,20.3,6.7,11.1,0.9,1,"Rain, Partially cloudy",54.0,8.95,11.65,1.7,good,3,moderate risk
2019-12-21,17.1,14.7,16.2,17.1,14.7,16.2,15.3,94.7,11.357,100,62.5,64.8,36.6,1012.0,3.5,7.3,50.7,4.3,3,Rain,48.0,9.0,12.25,1.75,good,3,moderate risk
2019-12-22,17.1,12.6,15.2,17.1,12.6,15.2,14.1,93.4,0.0,0,0.0,38.9,20.3,1023.1,5.1,9.1,56.0,4.7,2,Clear,52.0,12.0,15.3,2.6,good,2,moderate risk
2019-12-23,15.9,12.1,13.3,15.9,12.1,13.3,12.9,97.7,0.233,100,20.83,,13.4,1028.1,12.5,2.2,65.5,5.6,3,Rain,23.0,33.25,50.95,8.5,good,4,high risk
2019-12-24,16.7,10.4,13.4,16.7,10.4,13.4,11.0,86.0,0.0,0,0.0,,21.0,1025.3,3.8,8.0,102.1,8.8,4,Clear,27.0,21.9,30.9,6.6,good,3,moderate risk
2019-12-25,19.4,11.5,14.5,19.4,11.5,14.5,11.7,83.7,0.0,0,0.0,,13.6,1023.8,4.3,11.0,81.6,7.1,4,Clear,29.5,21.1,32.2,6.25,good,1,low risk
2019-12-26,15.1,12.5,13.9,15.1,12.5,13.9,10.5,80.2,0.0,0,0.0,,14.3,1027.3,4.9,11.0,97.8,8.4,5,Clear,42.0,30.8,41.55,5.75,good,3,moderate risk
2019-12-27,16.2,11.3,13.6,16.2,11.3,13.6,9.5,76.4,0.0,0,0.0,,17.7,1026.5,3.1,11.6,111.8,9.5,5,Clear,21.5,29.8,49.05,9.15,good,4,high risk
2019-12-28,17.0,11.5,14.2,17.0,11.5,14.2,9.0,70.9,0.0,0,0.0,,19.9,1026.6,0.5,10.9,114.2,9.5,5,Clear,29.5,22.75,33.55,7.05,good,3,moderate risk
2019-12-29,16.9,10.0,13.6,16.9,10.0,13.6,8.2,69.8,0.0,0,0.0,,14.8,1027.8,0.4,10.8,116.6,10.2,5,Clear,30.5,18.950000000000003,26.85,5.55,good,3,moderate risk
2019-12-30,16.3,8.8,11.9,16.3,8.2,11.8,7.9,77.1,0.0,0,0.0,29.5,13.6,1030.4,0.4,10.3,115.5,9.8,5,Clear,10.0,43.15,77.85,24.5,good,2,moderate risk
2019-12-31,11.1,8.0,9.5,11.1,6.2,8.8,8.4,92.8,0.0,0,0.0,,12.7,1031.5,6.1,4.9,109.6,9.3,5,Clear,12.0,47.05,74.0,17.3,good,4,high risk
2020-01-01,13.9,6.9,9.6,13.9,5.3,9.1,8.2,91.3,0.01,100,8.33,24.1,9.0,1031.4,46.8,5.4,108.3,9.4,5,"Rain, Partially cloudy",9.0,33.65,55.8,15.85,good,1,low risk
2020-01-02,12.0,8.0,10.1,12.0,7.3,9.9,8.8,91.8,0.005,100,4.17,31.7,10.4,1031.0,66.9,6.6,29.5,2.4,1,"Rain, Partially cloudy",3.0,49.05,105.6,33.35,good,3,moderate risk
2020-01-03,16.9,11.0,13.1,16.9,11.0,13.1,9.8,81.0,0.0,0,0.0,24.1,8.4,1033.3,52.2,9.8,93.6,8.0,6,Partially cloudy,13.0,46.05,74.95,12.1,good,4,high risk
2020-01-04,15.1,9.6,12.2,15.1,8.7,12.2,8.5,78.6,0.0,0,0.0,,17.6,1033.0,23.5,9.4,108.6,9.3,5,Partially cloudy,24.0,43.5,55.25,8.05,good,5,high risk
2020-01-05,13.0,7.4,10.1,13.0,5.3,9.3,5.9,75.4,0.0,0,0.0,35.3,16.4,1029.7,1.8,11.1,116.0,10.0,5,Clear,32.0,23.25,32.5,6.0,good,1,low risk
2020-01-06,14.4,6.4,9.9,14.4,6.4,9.7,6.9,82.3,0.0,0,0.0,38.9,10.6,1029.8,19.1,9.2,101.3,8.7,4,Clear,12.5,49.95,76.65,17.05,good,2,moderate risk
2020-01-07,14.1,6.5,9.8,14.1,6.5,9.6,6.0,77.9,0.0,0,0.0,31.7,13.1,1031.9,13.4,9.8,112.0,9.5,5,Clear,13.5,47.95,75.9,15.75,good,5,high risk
2020-01-08,16.5,7.2,11.9,16.5,5.1,11.2,9.0,83.0,0.0,0,0.0,,16.9,1030.1,35.6,9.3,43.5,3.6,3,Partially cloudy,29.5,40.6,52.1,7.449999999999999,good,3,moderate risk
2020-01-09,16.6,11.2,14.0,16.6,11.2,14.0,12.0,87.8,0.001,100,4.17,,15.3,1029.0,58.7,10.8,47.4,4.2,3,"Rain, Partially cloudy",39.5,27.75,38.65,6.2,good,2,moderate risk
2020-01-10,14.6,9.1,11.5,14.6,7.3,11.3,5.8,68.9,0.003,100,4.17,,23.4,1030.6,32.5,11.3,115.2,9.8,5,"Rain, Partially cloudy",42.5,25.85,32.1,3.7,good,5,high risk
2020-01-11,14.0,7.8,10.7,14.0,6.0,10.0,3.5,61.4,0.0,0,0.0,,15.7,1031.5,2.1,10.8,121.9,10.5,5,Clear,45.0,26.6,33.55,4.449999999999999,good,1,low risk
2020-01-12,14.0,5.7,9.5,14.0,4.3,8.9,4.0,69.6,0.0,0,0.0,,10.0,1031.3,19.4,10.3,123.8,10.6,5,Clear,32.5,37.55,48.7,5.55,good,3,moderate risk
2020-01-13,12.8,5.4,9.3,12.8,4.3,9.1,7.0,86.0,0.005,100,4.17,35.3,8.2,1026.7,69.9,6.7,46.0,3.8,2,"Rain, Partially cloudy",18.5,48.85,78.85,14.9,good,5,high risk
2020-01-14,15.5,9.9,12.8,15.5,9.1,12.8,11.1,89.5,0.968,100,16.67,31.7,32.5,1020.7,58.4,10.2,59.3,5.1,3,"Rain, Partially cloudy",64.0,13.95,17.55,2.5,good,3,moderate risk
2020-01-15,17.5,14.6,15.9,17.5,14.6,15.9,14.4,90.8,0.099,100,12.5,,28.9,1020.9,69.6,10.3,65.8,5.6,3,"Rain, Partially cloudy",66.0,9.5,12.75,1.65,good,6,high risk
2020-01-16,17.1,12.5,14.9,17.1,12.5,14.9,13.3,90.2,13.736,100,20.83,63.0,38.4,1024.2,58.0,10.8,55.6,4.7,3,"Rain, Partially cloudy",71.0,8.05,10.15,1.5,good,2,moderate risk
2020-01-17,16.3,12.1,13.5,16.3,12.1,13.5,12.6,94.8,0.136,100,20.83,29.5,10.6,1031.0,44.9,6.8,97.9,8.4,4,"Rain, Partially cloudy",20.5,50.7,66.65,9.75,good,3,moderate risk
2020-01-18,18.4,12.7,15.1,18.4,12.7,15.1,13.3,89.4,26.955,100,45.83,51.8,32.5,1027.3,64.7,8.3,47.8,3.9,2,"Rain, Partially cloudy",60.5,11.2,14.45,1.9,good,2,moderate risk
2020-01-19,16.1,11.5,13.3,16.1,11.5,13.3,4.9,59.6,0.376,100,4.17,70.6,38.1,1025.4,25.3,11.0,125.0,10.8,5,"Rain, Partially cloudy",63.0,11.7,14.65,1.45,good,5,high risk
2020-01-20,11.5,7.0,8.9,11.5,2.7,6.2,-3.2,42.8,0.0,0,0.0,55.4,37.5,1021.9,15.2,12.3,133.7,11.6,5,Clear,60.0,16.75,20.15,1.7,good,4,high risk
2020-01-21,12.7,7.1,9.8,12.7,3.7,8.2,1.3,55.8,0.0,0,0.0,48.2,25.5,1017.7,26.0,12.0,133.0,11.6,5,Partially cloudy,44.0,22.7,26.55,3.2,good,3,moderate risk
2020-01-22,11.5,8.6,9.8,11.5,5.6,8.2,5.7,76.2,0.498,100,16.67,37.1,25.0,1015.3,50.8,11.8,75.2,6.4,5,"Rain, Partially cloudy",37.0,19.8,23.85,3.25,good,1,low risk
2020-01-23,12.6,7.6,9.5,12.6,5.6,8.7,8.0,90.5,0.105,100,8.33,35.3,11.5,1014.2,53.4,10.6,73.5,6.3,3,"Rain, Partially cloudy",35.5,27.3,36.35,5.75,good,3,moderate risk
2020-01-24,12.7,8.9,10.4,12.7,7.3,9.8,9.4,93.7,4.192,100,29.17,35.3,14.3,1016.4,61.5,10.3,61.6,5.4,3,"Rain, Partially cloudy",32.5,31.1,39.8,4.4,good,4,high risk
2020-01-25,14.9,9.6,11.4,14.9,7.9,11.2,9.6,89.2,4.22,100,33.33,,16.0,1017.0,48.4,10.1,121.1,10.5,5,"Rain, Partially cloudy",37.0,24.65,35.25,5.05,good,0,low risk
2020-01-26,16.0,8.5,11.8,16.0,8.5,11.8,10.1,89.4,0.005,100,4.17,,18.7,1024.3,31.8,8.3,128.4,11.0,6,"Rain, Partially cloudy",24.0,30.700000000000003,44.05,7.05,good,7,high risk
2020-01-27,15.6,12.2,14.2,15.6,12.2,14.2,12.9,92.0,2.134,100,29.17,37.1,27.6,1024.1,61.6,9.7,37.3,3.1,2,"Rain, Partially cloudy",61.0,11.8,14.45,1.9,good,8,high risk
2020-01-28,16.7,14.1,15.0,16.7,14.1,15.0,14.3,96.0,0.885,100,29.17,,20.1,1024.7,56.4,11.0,83.9,7.2,5,"Rain, Partially cloudy",49.0,14.6,18.7,2.85,good,1,low risk
2020-01-29,16.5,13.7,14.7,16.5,13.7,14.7,13.3,91.7,0.003,100,4.17,,21.8,1024.8,62.3,10.8,65.7,5.7,3,"Rain, Partially cloudy",55.0,12.85,18.6,3.1,good,3,moderate risk
2020-01-30,16.9,13.5,14.5,16.9,13.5,14.5,13.6,94.5,10.448,100,37.5,,25.0,1024.5,68.8,8.9,45.3,3.9,3,"Rain, Partially cloudy",63.5,12.7,15.85,1.95,good,0,low risk
2020-01-31,16.6,15.0,15.6,16.6,15.0,15.6,15.4,99.3,10.981,100,79.17,,20.8,1024.6,93.2,6.4,38.8,3.3,2,"Rain, Overcast",49.5,14.1,17.5,2.4,good,1,low risk
2020-02-01,17.0,14.5,15.5,17.0,14.5,15.5,15.3,98.5,2.227,100,50.0,,17.6,1026.6,68.8,7.8,45.3,3.8,2,"Rain, Partially cloudy",44.0,12.5,17.299999999999997,3.2,good,1,low risk
2020-02-02,20.1,12.0,15.8,20.1,12.0,15.8,13.8,88.6,0.1,100,12.5,37.1,10.6,1028.4,23.5,7.6,138.5,12.0,5,"Rain, Partially cloudy",19.5,28.8,41.6,9.0,good,1,low risk
2020-02-03,22.3,13.0,16.3,22.3,13.0,16.3,12.7,80.2,0.0,0,0.0,25.9,17.0,1028.6,4.9,11.2,152.2,13.1,6,Clear,25.5,27.1,42.85,8.899999999999999,good,2,moderate risk
2020-02-04,16.2,10.1,13.3,16.2,10.1,13.3,11.5,89.3,0.0,0,0.0,27.7,13.0,1029.4,21.7,8.3,142.2,12.2,6,Partially cloudy,8.0,45.35,77.6,20.7,good,1,low risk
2020-02-05,19.6,10.8,14.1,19.6,10.8,14.1,10.3,78.7,0.005,100,4.17,38.9,18.9,1023.3,46.7,10.0,143.6,12.5,5,"Rain, Partially cloudy",17.5,34.65,46.35,10.6,good,4,high risk
2020-02-06,17.1,10.9,14.0,17.1,10.9,14.0,10.9,82.3,0.0,0,0.0,,12.3,1020.5,43.3,10.7,123.2,10.9,5,Partially cloudy,40.5,22.450000000000003,33.05,5.699999999999999,good,3,moderate risk
2020-02-07,18.0,11.4,14.2,18.0,11.4,14.2,12.2,88.3,0.0,0,0.0,33.5,15.5,1023.0,45.1,9.4,96.1,8.2,4,Partially cloudy,18.5,41.35,60.5,9.9,good,2,moderate risk
2020-02-08,17.9,11.7,13.7,17.9,11.7,13.7,11.7,87.4,0.611,100,33.33,27.7,20.6,1025.7,46.3,10.1,80.3,7.0,3,"Rain, Partially cloudy",54.5,21.75,26.75,3.3,good,2,moderate risk
2020-02-09,17.0,10.0,13.0,17.0,10.0,13.0,10.1,82.6,0.0,0,0.0,27.7,10.7,1030.9,44.1,11.1,92.0,8.1,4,Partially cloudy,40.5,28.3,38.15,5.15,good,2,moderate risk
2020-02-10,16.4,10.1,13.6,16.4,10.1,13.6,11.8,89.5,0.0,0,0.0,,10.8,1033.4,46.1,10.0,111.8,9.7,5,Partially cloudy,11.5,54.95,84.45,16.049999999999997,good,3,moderate risk
2020-02-11,17.5,12.0,13.8,17.5,12.0,13.8,11.1,84.1,0.0,0,0.0,,11.6,1028.5,49.7,11.1,73.4,6.4,3,Partially cloudy,37.0,25.55,37.25,6.05,good,5,high risk
2020-02-12,15.0,12.0,13.3,15.0,12.0,13.3,11.2,86.8,0.0,0,0.0,,8.3,1024.5,60.7,9.4,64.5,5.4,3,Partially cloudy,24.0,43.650000000000006,58.0,7.899999999999999,good,3,moderate risk
2020-02-13,15.5,11.6,13.5,15.5,11.6,13.5,12.7,94.7,1.386,100,33.33,,13.8,1025.7,53.3,10.1,103.6,9.0,5,"Rain, Partially cloudy",19.5,36.65,47.900000000000006,7.35,good,1,low risk
2020-02-14,16.9,10.5,13.1,16.9,10.5,13.1,10.9,86.9,0.099,100,4.17,,9.6,1026.0,39.9,8.5,139.3,12.1,6,"Rain, Partially cloudy",10.5,35.15,66.2,17.9,good,2,moderate risk
2020-02-15,18.0,8.9,13.6,18.0,8.9,13.6,10.8,84.5,0.0,0,0.0,31.7,14.6,1026.2,29.2,9.7,165.7,14.3,6,Partially cloudy,7.5,46.65,78.5,16.6,good,5,high risk
2020-02-16,17.1,11.6,14.2,17.1,11.6,14.2,12.6,90.4,0.005,100,4.17,,17.0,1027.7,57.7,8.1,84.2,7.3,3,"Rain, Partially cloudy",32.5,19.65,27.0,5.45,good,6,high risk
2020-02-17,16.6,11.4,14.6,16.6,11.4,14.6,11.2,81.2,2.017,100,29.17,,23.2,1030.2,59.9,10.8,133.4,11.4,6,"Rain, Partially cloudy",53.5,14.55,18.65,2.6,good,8,high risk
2020-02-18,15.8,10.1,12.0,15.8,10.1,12.0,5.4,65.2,0.0,0,0.0,57.6,31.4,1032.0,19.3,11.5,184.3,15.9,7,Clear,70.5,15.25,18.05,1.9,good,2,moderate risk
2020-02-19,18.7,8.4,13.7,18.7,7.4,13.5,6.4,62.4,0.0,0,0.0,29.5,17.3,1029.3,6.6,11.8,186.1,16.1,7,Clear,50.5,26.45,35.15,4.0,good,1,low risk
2020-02-20,17.7,9.4,13.8,17.7,8.2,13.7,8.0,68.5,0.0,0,0.0,44.6,15.4,1023.9,24.2,11.6,181.7,15.6,7,Partially cloudy,41.5,35.95,42.25,4.85,good,4,high risk
2020-02-21,21.1,11.5,15.9,21.1,11.5,15.9,8.5,62.5,0.0,0,0.0,35.3,17.5,1026.5,6.8,10.6,186.1,16.0,7,Clear,55.0,31.55,37.05,3.35,good,2,moderate risk
2020-02-22,21.5,12.4,17.0,21.5,12.4,17.0,7.3,54.3,0.0,0,0.0,,14.3,1029.9,38.1,10.4,188.0,16.2,7,Partially cloudy,62.0,34.25,42.7,3.55,good,2,moderate risk
2020-02-23,22.5,12.4,17.5,22.5,12.4,17.5,6.8,50.8,0.0,0,0.0,,15.5,1030.0,0.8,10.4,196.1,17.1,7,Clear,64.0,25.5,32.0,2.7,good,4,high risk
2020-02-24,21.0,11.7,16.1,21.0,11.7,16.1,8.2,60.7,0.0,0,0.0,,17.7,1027.6,6.4,10.3,192.6,16.7,7,Clear,45.5,45.1,54.2,5.1,good,6,high risk
2020-02-25,18.8,10.6,14.0,18.8,10.6,14.0,10.0,77.5,0.0,0,0.0,,18.0,1026.5,67.4,10.7,80.1,6.9,4,Partially cloudy,69.0,13.3,15.5,1.9,good,2,moderate risk
2020-02-26,16.4,10.0,12.9,16.4,10.0,12.9,7.0,68.2,0.001,100,4.17,44.6,22.3,1026.8,43.2,12.3,134.3,11.5,6,"Rain, Partially cloudy",59.0,21.85,25.1,2.35,good,0,low risk
2020-02-27,20.3,10.4,14.5,20.3,10.4,14.5,9.3,72.1,0.0,0,0.0,,16.9,1026.4,30.0,11.8,185.7,16.1,7,Partially cloudy,50.0,23.65,28.9,4.0,good,1,low risk
2020-02-28,19.1,10.3,13.3,19.1,10.3,13.3,9.5,79.2,0.0,0,0.0,29.5,17.6,1020.7,37.2,10.1,178.7,15.4,7,Partially cloudy,27.5,32.2,37.5,4.45,good,1,low risk
2020-02-29,18.0,13.1,15.1,18.0,13.1,15.1,12.0,82.3,3.483,100,16.67,40.7,24.7,1017.6,55.2,9.6,125.2,10.9,6,"Rain, Partially cloudy",59.5,10.7,13.1,1.45,good,3,moderate risk
2020-03-01,16.1,14.0,15.2,16.1,14.0,15.2,14.0,92.4,0.584,100,16.67,63.0,38.6,1016.9,67.8,9.5,42.4,3.7,2,"Rain, Partially cloudy",63.0,8.75,10.8,1.3,good,6,high risk
2020-03-02,17.3,12.0,14.7,17.3,12.0,14.7,9.9,74.2,1.565,100,25.0,63.0,33.1,1018.7,46.7,11.0,138.6,11.9,5,"Rain, Partially cloudy",65.5,11.65,14.8,2.1500000000000004,good,2,moderate risk
2020-03-03,19.5,11.2,15.2,19.5,11.2,15.2,12.7,85.3,1.436,100,12.5,38.9,22.3,1023.6,63.8,10.8,140.7,12.0,7,"Rain, Partially cloudy",48.0,19.8,25.55,3.0,good,2,moderate risk
2020-03-04,20.0,14.5,16.3,20.0,14.5,16.3,13.6,84.2,0.0,0,0.0,,22.0,1024.0,53.6,11.2,131.8,11.3,6,Partially cloudy,42.0,14.65,19.4,3.0,good,2,moderate risk
2020-03-05,17.8,12.2,14.8,17.8,12.2,14.8,10.8,78.0,1.047,100,16.67,48.2,24.1,1021.2,47.1,11.1,176.8,15.3,6,"Rain, Partially cloudy",62.5,12.85,15.65,1.75,good,0,low risk
2020-03-06,16.6,11.5,13.6,16.6,11.5,13.6,7.0,65.2,0.001,100,4.17,,28.3,1026.4,37.7,11.7,160.8,13.8,7,"Rain, Partially cloudy",73.0,15.65,18.1,2.1,good,0,low risk
2020-03-07,18.1,10.5,13.9,18.1,10.5,13.9,6.7,63.0,0.0,0,0.0,40.7,20.6,1027.9,14.2,11.0,222.3,19.1,8,Clear,70.0,16.1,18.95,1.85,good,1,low risk
2020-03-08,18.6,9.5,13.8,18.6,8.9,13.8,8.7,72.0,0.0,0,0.0,33.5,15.5,1028.4,33.8,11.0,142.0,12.3,5,Partially cloudy,61.0,22.6,25.3,1.9,good,4,high risk
2020-03-09,19.9,11.0,14.9,19.9,11.0,14.9,9.0,70.0,0.0,0,0.0,,21.9,1029.2,31.4,11.3,208.1,18.0,8,Partially cloudy,58.5,24.7,30.55,2.9000000000000004,good,2,moderate risk
2020-03-10,22.5,10.2,16.4,22.5,10.2,16.4,9.0,63.8,0.0,0,0.0,31.7,16.2,1026.2,5.2,11.3,214.7,18.5,8,Clear,43.0,36.1,46.7,4.9,good,6,high risk
2020-03-11,26.0,12.8,19.4,26.0,12.8,19.4,10.4,58.3,0.0,0,0.0,,13.6,1021.3,54.2,11.4,207.5,17.9,8,Partially cloudy,26.5,50.8,69.8,7.1,good,2,moderate risk
2020-03-12,22.3,13.1,17.2,22.3,13.1,17.2,11.7,70.5,0.0,0,0.0,37.1,28.4,1018.5,40.5,11.7,196.2,17.0,7,Partially cloudy,56.5,24.15,29.5,3.55,good,2,moderate risk
2020-03-13,18.0,12.0,14.1,18.0,12.0,14.1,9.9,76.4,0.0,0,0.0,55.4,23.3,1019.5,39.9,10.8,73.5,6.1,3,Partially cloudy,66.0,15.3,18.4,2.35,good,4,high risk
2020-03-14,22.5,12.4,16.3,22.5,12.4,16.3,11.0,72.6,0.0,0,0.0,40.7,16.4,1018.6,33.7,10.5,228.4,19.8,8,Partially cloudy,46.5,23.9,31.3,3.2,good,1,low risk
2020-03-15,18.5,10.5,13.8,18.5,10.5,13.8,8.2,70.1,0.0,0,0.0,,24.6,1017.2,32.5,10.5,170.7,14.9,8,Partially cloudy,76.5,13.25,14.75,1.3,good,5,high risk
2020-03-16,15.4,9.6,12.1,15.4,7.5,11.9,4.7,61.2,0.002,100,4.17,70.6,39.4,1019.8,39.5,10.5,185.7,16.0,7,"Rain, Partially cloudy",76.5,11.95,14.4,1.25,good,2,moderate risk
2020-03-17,17.2,10.4,14.0,17.2,10.4,14.0,4.7,54.6,0.0,0,0.0,48.2,33.1,1020.1,29.5,10.5,215.6,18.5,8,Partially cloudy,70.0,13.4,15.95,1.35,good,2,moderate risk
2020-03-18,22.7,14.6,18.4,22.7,14.6,18.4,9.2,55.6,0.0,0,0.0,,25.2,1019.5,29.9,10.6,219.8,19.1,7,Partially cloudy,65.5,11.95,13.3,1.3,good,0,low risk
2020-03-19,21.1,13.6,16.9,21.1,13.6,16.9,10.3,66.0,0.0,0,0.0,,18.6,1016.6,26.0,10.5,202.2,17.6,7,Partially cloudy,58.5,17.75,22.65,2.1,good,1,low risk
2020-03-20,14.0,10.5,12.8,14.0,10.5,12.8,10.3,84.9,2.205,100,37.5,,15.2,1013.2,46.5,9.7,94.4,8.2,4,"Rain, Partially cloudy",56.0,20.75,24.0,2.25,good,1,low risk
2020-03-21,15.5,9.0,11.7,15.5,9.0,11.7,8.3,80.6,4.013,100,12.5,31.7,11.9,1010.5,35.0,10.5,188.4,16.4,7,"Rain, Partially cloudy",54.0,17.95,21.5,2.1500000000000004,good,0,low risk
2020-03-22,18.6,9.8,13.3,18.6,8.5,13.1,7.9,71.3,0.0,0,0.0,,16.8,1012.1,19.8,10.5,192.7,16.6,7,Clear,64.0,14.55,17.950000000000003,1.55,good,0,low risk
2020-03-23,19.6,11.7,15.2,19.6,11.7,15.2,9.6,70.9,0.0,0,0.0,,21.1,1012.8,26.2,10.5,233.6,20.1,9,Partially cloudy,64.0,15.2,17.8,1.6,good,0,low risk
2020-03-24,20.6,12.1,16.4,20.6,12.1,16.4,8.7,61.5,0.0,0,0.0,,23.3,1012.8,18.7,10.5,229.4,19.8,8,Clear,64.0,12.4,14.5,1.4,good,0,low risk
2020-03-25,22.0,12.6,16.1,22.0,12.6,16.1,8.6,62.6,0.0,0,0.0,28.8,21.6,1015.8,22.8,10.5,244.1,21.1,8,Partially cloudy,64.0,18.700000000000003,22.6,1.75,good,0,low risk
2020-03-26,18.0,11.2,13.9,18.0,11.2,13.9,8.9,72.6,0.0,0,0.0,,22.5,1014.2,43.0,10.5,151.7,13.1,8,Partially cloudy,77.5,13.55,15.4,1.25,good,1,low risk
2020-03-27,17.9,10.1,13.3,17.9,10.1,13.3,7.0,67.0,0.0,0,0.0,,18.1,1010.9,36.2,10.5,245.8,21.0,8,Partially cloudy,84.0,13.9,15.55,1.15,good,0,low risk
2020-03-28,17.2,9.9,13.5,17.2,7.9,13.4,5.9,60.9,0.0,0,0.0,,23.9,1016.0,44.7,10.5,247.5,21.5,9,Partially cloudy,77.0,11.55,13.0,1.1,good,1,low risk
2020-03-29,18.4,11.0,14.4,18.4,11.0,14.4,9.6,73.6,0.0,0,0.0,,21.9,1017.5,35.5,10.6,232.4,19.4,8,Partially cloudy,68.5,18.1,21.85,1.65,good,0,low risk
2020-03-30,13.5,9.1,12.3,13.5,5.5,12.2,10.8,90.7,8.742,100,41.67,,28.7,1010.4,55.2,9.9,67.0,5.7,3,"Rain, Partially cloudy",56.0,20.75,23.85,2.25,good,1,low risk
2020-03-31,13.4,7.1,9.2,13.4,3.5,7.4,4.7,74.9,0.477,100,16.67,,28.7,1005.6,68.1,10.5,165.0,14.2,9,"Rain, Partially cloudy",55.0,12.3,14.7,1.3,good,0,low risk
