Ozono (µg/m3),Dióxido de Azoto (µg/m3),Óxidos de Azoto (µg/m3),Monóxido de Azoto (µg/m3),pollen_intensity,Kmeans label,birch,dbscan,risk level
0.10909090909090909,0.6716772151898733,0.43727454909819635,0.1726121979286536,0.0,2,0,0,1
0.22727272727272727,0.6281645569620252,0.3711422845691382,0.08400460299194475,0.0,2,0,0,0
0.08181818181818182,0.5522151898734177,0.6168336673346693,0.6133486766398157,0.0,2,0,0,0
0.19999999999999998,0.5751582278481012,0.4416833667334669,0.0713463751438435,0.0,2,0,0,1
0.3136363636363636,0.5023734177215189,0.3138276553106212,0.05868814729574222,0.0,2,0,0,0
0.13636363636363635,0.7325949367088606,0.468937875751503,0.16455696202531644,0.0,2,0,0,0
0.06363636363636363,0.920886075949367,0.7018036072144289,0.4050632911392405,0.0,2,0,0,1
0.15454545454545454,0.8773734177215189,0.7094188376753506,0.4649021864211737,0.0,2,0,0,0
0.049999999999999996,0.9841772151898733,0.9999999999999999,0.8089758342922899,0.0,2,0,-1,0
0.3181818181818182,0.48496835443037967,0.2677354709418837,0.07825086306098965,0.0,2,0,0,0
0.41818181818181815,0.37341772151898733,0.2609218436873747,0.05178365937859608,0.0,1,0,0,0
0.38636363636363635,0.39003164556962017,0.25891783567134263,0.06444188722669734,0.0,1,0,0,1
0.3045454545454545,0.4018987341772151,0.2288577154308617,0.09436133486766396,0.0,1,0,0,0
0.12727272727272726,0.8140822784810126,0.5274549098196392,0.18872266973532792,0.0,2,0,0,1
0.08636363636363636,0.7895569620253163,0.7739478957915831,0.6006904487917146,0.0,2,0,0,0
0.02727272727272727,0.8180379746835442,0.8885771543086172,1.0,0.0,2,0,0,0
0.3727272727272727,0.3829113924050632,0.2288577154308617,0.04718066743383198,0.0,1,0,0,1
0.5,0.1993670886075949,0.11382765531062122,0.010356731875719217,0.0,1,1,0,0
0.509090909090909,0.17325949367088603,0.09619238476953906,0.013808975834292287,0.0,1,1,0,1
0.5863636363636363,0.1360759493670886,0.08617234468937875,0.009205983889528193,0.0,1,1,0,0
0.5,0.2341772151898734,0.15591182364729458,0.03107019562715765,0.0,1,0,0,1
0.5636363636363636,0.21202531645569617,0.12505010020040078,0.012658227848101266,0.0,1,1,0,1
0.6181818181818182,0.15743670886075947,0.09619238476953906,0.012658227848101266,0.0,1,1,0,1
0.5363636363636364,0.2049050632911392,0.13346693386773545,0.018411967779056387,0.0,1,1,0,0
0.20454545454545453,0.6139240506329112,0.46332665330661316,0.2508630609896432,0.0,2,0,0,1
0.10909090909090909,0.7373417721518987,0.5895791583166332,0.3509781357882623,0.0,2,0,0,0
0.5818181818181818,0.17484177215189872,0.09859719438877755,0.009205983889528193,0.0,1,1,0,0
0.5590909090909091,0.18117088607594933,0.10781563126252504,0.016110471806674336,0.0,1,1,0,1
0.5454545454545454,0.2539556962025316,0.14589178356713428,0.024165707710011506,0.0,1,1,0,0
0.5,0.1938291139240506,0.11182364729458916,0.019562715765247412,0.0,1,1,0,0
0.5636363636363636,0.13053797468354428,0.07174348697394789,0.013808975834292287,0.0,1,1,0,0
0.7363636363636363,0.12104430379746835,0.07935871743486973,0.01150747986191024,0.0,1,1,0,0
0.6,0.1938291139240506,0.11983967935871742,0.02646720368239355,0.0,1,1,0,0
0.45909090909090905,0.2215189873417721,0.13226452905811623,0.01726121979286536,0.0,1,0,0,0
0.25,0.5838607594936709,0.4817635270541082,0.1622554660529344,0.0,2,0,0,0
0.19545454545454544,0.7246835443037973,0.5326653306613226,0.25201380897583425,0.0,2,0,0,1
0.23636363636363636,0.9295886075949366,0.6116232464929859,0.22899884925201378,0.0,2,0,0,0
0.40454545454545454,0.34177215189873417,0.2032064128256513,0.04833141542002301,0.0,1,0,0,0
0.3318181818181818,0.37737341772151894,0.19839679358717432,0.02301495972382048,0.0,1,0,0,0
0.5227272727272727,0.27136075949367083,0.17194388777555109,0.019562715765247412,0.0,1,0,0,1
0.609090909090909,0.08544303797468354,0.048496993987975946,0.006904487917146144,0.0,1,1,0,0
0.44090909090909086,0.3829113924050632,0.24368737474949898,0.04372842347525891,0.0,1,0,0,1
0.32727272727272727,0.5237341772151898,0.31903807615230456,0.11967779056386649,0.0,2,0,0,0
0.2681818181818182,0.6115506329113924,0.40320641282565123,0.14499424626006904,0.0,2,0,0,0
0.5045454545454545,0.363132911392405,0.20360721442885768,0.0575373993095512,0.0,1,0,0,0
0.45909090909090905,0.36708860759493667,0.23887775551102203,0.05063291139240506,0.0,1,0,0,1
0.5272727272727272,0.32674050632911383,0.18076152304609217,0.018411967779056387,0.0,1,0,0,0
0.40454545454545454,0.33623417721518983,0.20400801603206412,0.01150747986191024,0.0,1,0,0,1
0.6227272727272727,0.2721518987341772,0.15230460921843686,0.013808975834292287,0.0,1,1,0,1
0.44545454545454544,0.4367088607594936,0.2789579158316633,0.02646720368239355,0.0,1,0,0,0
0.38636363636363635,0.5664556962025316,0.3078156312625251,0.04602991944764096,0.0,2,0,0,0
0.38636363636363635,0.4731012658227847,0.24849699398797592,0.027617951668584582,0.0,1,0,0,0
0.5272727272727272,0.30933544303797467,0.16553106212424848,0.012658227848101266,0.0,1,0,0,0
0.35909090909090907,0.5356012658227848,0.35270541082164325,0.05178365937859608,0.0,2,0,0,1
0.2772727272727273,0.6400316455696202,0.35310621242484963,0.03797468354430379,0.0,2,0,0,0
0.3409090909090909,0.6044303797468354,0.3298597194388777,0.04602991944764096,0.0,2,0,0,0
0.6,0.358386075949367,0.20881763527054106,0.016110471806674336,0.0,1,0,0,0
0.5909090909090908,0.22547468354430375,0.12424849699398796,0.016110471806674336,0.0,1,1,0,0
0.6181818181818182,0.27215189873417717,0.1503006012024048,0.014959723820483311,0.0,1,1,0,0
0.5909090909090908,0.2215189873417721,0.12104208416833666,0.01726121979286536,0.0,1,1,0,0
0.5181818181818182,0.1550632911392405,0.09298597194388776,0.01726121979286536,0.0,1,1,0,1
0.4954545454545454,0.16693037974683542,0.08657314629258517,0.009205983889528193,0.0,1,1,0,0
0.5863636363636363,0.12420886075949365,0.07374749498997994,0.010356731875719217,0.0,1,1,0,1
0.5545454545454546,0.04984177215189873,0.03166332665330661,0.006904487917146144,0.0,1,1,0,1
0.6818181818181818,0.11629746835443036,0.07254509018036072,0.021864211737629455,0.0,1,1,0,0
0.46818181818181814,0.26740506329113917,0.13907815631262524,0.016110471806674336,0.0,1,0,0,0
0.5590909090909091,0.24920886075949364,0.1342685370741483,0.018411967779056387,0.0,1,1,0,0
0.4909090909090909,0.3441455696202531,0.18957915831663325,0.027617951668584575,0.0,1,0,0,0
0.35454545454545455,0.18670886075949367,0.11983967935871742,0.03107019562715765,0.0,1,0,0,0
0.45454545454545453,0.43037974683544294,0.28537074148296593,0.05408515535097813,0.0,1,0,0,0
0.36818181818181817,0.32753164556962017,0.18356713426853705,0.02646720368239355,0.0,1,0,0,0
0.0,0.16851265822784808,0.1034068136272545,0.016110471806674336,0.0,1,0,0,0
0.0,0.2879746835443038,0.18997995991983965,0.04372842347525891,0.0,1,0,0,1
0.10909090909090909,0.6764240506329113,0.4052104208416833,0.09205983889528192,0.0,2,0,0,0
0.5181818181818182,0.6708860759493671,0.40841683366733467,0.03452243958573072,0.0,2,0,0,0
0.6545454545454545,0.15110759493670886,0.08256513026052104,0.009205983889528193,0.0,1,1,0,0
0.0,0.22547468354430375,0.12505010020040078,0.024165707710011506,0.0,1,0,0,0
0.2954545454545454,0.30379746835443033,0.17434869739478956,0.02531645569620253,0.0,1,0,0,0
0.6454545454545454,0.21123417721518983,0.11943887775551101,0.014959723820483311,0.0,1,1,0,0
0.5772727272727273,0.43512658227848094,0.23006012024048095,0.014959723820483311,0.0,1,0,0,1
0.6909090909090909,0.35917721518987333,0.18837675350701402,0.009205983889528193,1.0,0,1,1,0
0.7545454545454545,0.26582278481012656,0.13827655310621242,0.006904487917146144,1.0,0,1,1,0
0.6545454545454545,0.13924050632911392,0.07294589178356713,0.006904487917146144,1.0,0,1,1,0
0.4909090909090909,0.5522151898734177,0.29979959919839677,0.018411967779056387,1.0,0,1,1,1
0.7272727272727273,0.23022151898734175,0.1318637274549098,0.01726121979286536,1.0,0,1,1,0
0.7090909090909091,0.2484177215189873,0.12945891783567132,0.01150747986191024,1.0,0,1,1,0
0.6545454545454545,0.3575949367088607,0.19318637274549097,0.019562715765247412,1.0,0,1,1,0
0.6590909090909091,0.40664556962025317,0.20841683366733466,0.019562715765247412,1.0,0,1,1,1
0.5681818181818181,0.5996835443037973,0.3579158316633267,0.01726121979286536,1.0,0,1,1,0
0.4954545454545454,0.49129746835443033,0.2797595190380761,0.014959723820483311,1.0,0,1,1,0
0.5818181818181818,0.3813291139240506,0.2224448897795591,0.02301495972382048,1.0,0,1,1,1
0.7045454545454545,0.2397151898734177,0.12785571142284569,0.01726121979286536,1.0,0,1,1,1
0.7272727272727273,0.20806962025316453,0.11823647294589178,0.016110471806674336,1.0,0,1,1,1
0.7227272727272727,0.14003164556962022,0.08336673346693386,0.012658227848101266,1.0,0,1,1,0
0.7181818181818181,0.18117088607594933,0.10420841683366733,0.016110471806674336,0.3333333333333333,1,1,2,0
0.7545454545454545,0.12183544303797467,0.07374749498997994,0.010356731875719217,0.3333333333333333,1,1,2,0
0.6909090909090909,0.10759493670886075,0.06052104208416833,0.006904487917146144,0.3333333333333333,1,1,2,0
0.7136363636363636,0.12737341772151897,0.0721442885771543,0.01150747986191024,0.3333333333333333,1,1,2,0
0.7727272727272727,0.16060126582278478,0.09178356713426852,0.012658227848101266,0.3333333333333333,1,1,2,0
0.7090909090909091,0.15189873417721517,0.08697394789579158,0.012658227848101266,0.3333333333333333,1,1,2,0
0.7,0.22310126582278478,0.1282565130260521,0.019562715765247412,0.3333333333333333,1,1,2,0
0.6863636363636363,0.2594936708860759,0.13507014028056114,0.012658227848101266,1.0,0,1,1,0
0.5454545454545454,0.12104430379746835,0.06933867735470942,0.009205983889528193,1.0,0,1,1,0
0.35909090909090907,0.09018987341772151,0.05531062124248497,0.012658227848101266,1.0,0,1,1,1
0.6772727272727272,0.18037974683544303,0.10260521042084168,0.01150747986191024,1.0,0,1,1,0
0.7727272727272727,0.21756329113924047,0.13547094188376752,0.013808975834292287,1.0,0,1,1,1
0.8954545454545454,0.09018987341772151,0.05170340681362724,0.009205983889528193,1.0,0,1,1,0
0.6545454545454545,0.16455696202531644,0.09018036072144288,0.013808975834292287,1.0,0,1,1,0
0.5818181818181818,0.21914556962025314,0.11743486973947895,0.016110471806674336,0.6666666666666667,0,1,3,0
0.6727272727272727,0.1906645569620253,0.11102204408817634,0.012658227848101266,0.6666666666666667,0,1,3,0
0.9090909090909091,0.14240506329113922,0.07454909819639279,0.009205983889528193,0.6666666666666667,0,1,3,0
1.0,0.13449367088607592,0.07094188376753506,0.006904487917146144,0.6666666666666667,0,1,3,1
0.8090909090909091,0.1091772151898734,0.06533066132264528,0.009205983889528193,0.6666666666666667,0,1,3,0
0.7363636363636363,0.10759493670886075,0.06252505010020039,0.012658227848101266,0.6666666666666667,0,1,3,0
0.7363636363636363,0.08069620253164556,0.04488977955911823,0.009205983889528193,0.6666666666666667,0,1,3,1
0.6909090909090909,0.15981012658227844,0.0905811623246493,0.01726121979286536,0.6666666666666667,0,1,3,0
0.7136363636363636,0.1859177215189873,0.10581162324649297,0.01726121979286536,0.6666666666666667,0,1,3,0
0.5363636363636364,0.3488924050632911,0.19559118236472944,0.019562715765247412,0.6666666666666667,0,1,3,0
0.6227272727272727,0.28401898734177217,0.1503006012024048,0.0287686996547756,0.6666666666666667,0,1,3,1
0.5272727272727272,0.27452531645569617,0.17715430861723447,0.04602991944764096,0.6666666666666667,0,1,3,0
0.6318181818181818,0.1558544303797468,0.09859719438877755,0.024165707710011506,0.6666666666666667,0,1,3,0
0.6318181818181818,0.42484177215189867,0.2344689378757515,0.03107019562715765,0.6666666666666667,0,1,3,0
0.5818181818181818,0.4746835443037974,0.24529058116232463,0.02531645569620253,1.0,0,1,1,0
0.6045454545454545,0.27056962025316456,0.14589178356713428,0.013808975834292287,1.0,0,1,1,0
0.7863636363636364,0.1993670886075949,0.11022044088176351,0.029919447640966625,1.0,0,1,1,0
0.7681818181818182,0.10838607594936707,0.060521042084168336,0.010356731875719217,1.0,0,1,1,1
0.41363636363636364,0.10759493670886074,0.06172344689378757,0.016110471806674336,1.0,0,1,1,0
0.45909090909090905,0.19462025316455694,0.11783567134268536,0.016110471806674336,1.0,0,1,1,1
0.38636363636363635,0.13053797468354428,0.07935871743486973,0.014959723820483311,1.0,0,1,1,0
0.40909090909090906,0.13924050632911392,0.09418837675350701,0.019562715765247412,1.0,0,1,1,0
0.6045454545454545,0.19620253164556958,0.11903807615230459,0.019562715765247412,1.0,0,1,1,0
0.6954545454545454,0.16851265822784808,0.09498997995991983,0.01150747986191024,1.0,0,1,1,1
0.9363636363636363,0.27531645569620244,0.14629258517034066,0.01726121979286536,1.0,0,1,1,1
0.8999999999999999,0.27056962025316456,0.1470941883767535,0.019562715765247412,1.0,0,1,1,1
0.6954545454545454,0.35126582278481006,0.19358717434869738,0.033371691599539705,1.0,0,1,1,1
0.7272727272727273,0.13844936708860758,0.08537074148296593,0.019562715765247412,1.0,0,1,1,0
0.6590909090909091,0.16297468354430378,0.09539078156312625,0.016110471806674336,1.0,0,1,1,1
0.7090909090909091,0.11313291139240506,0.060921843687374744,0.012658227848101266,1.0,0,1,1,1
0.6,0.12341772151898733,0.06813627254509018,0.013808975834292287,1.0,0,1,1,1
0.6227272727272727,0.11471518987341771,0.07014028056112225,0.019562715765247412,1.0,0,1,1,1
0.48636363636363633,0.122626582278481,0.0721442885771543,0.021864211737629455,1.0,0,1,1,1
0.509090909090909,0.18196202531645567,0.1062124248496994,0.029919447640966625,1.0,0,1,1,0
0.509090909090909,0.12737341772151897,0.07535070140280561,0.03107019562715765,1.0,0,1,1,0
0.6454545454545454,0.17642405063291136,0.11422845691382764,0.03222094361334867,1.0,0,1,1,0
0.7409090909090909,0.1693037974683544,0.09699398797595189,0.014959723820483311,1.0,0,1,1,0
0.6590909090909091,0.18037974683544303,0.10420841683366733,0.02301495972382048,1.0,0,1,1,0
0.47727272727272724,0.12420886075949365,0.09018036072144288,0.044879171461449936,1.0,0,1,1,0
0.7045454545454545,0.17088607594936708,0.10741482965931863,0.02646720368239355,1.0,0,1,1,1
0.7727272727272727,0.22072784810126578,0.12505010020040078,0.021864211737629455,1.0,0,1,1,1
0.7227272727272727,0.240506329113924,0.1254509018036072,0.019562715765247412,1.0,0,1,1,0
0.85,0.4129746835443038,0.2296593186372745,0.0287686996547756,1.0,0,1,1,0
0.8227272727272726,0.23813291139240503,0.13547094188376752,0.01150747986191024,1.0,0,1,1,0
0.6863636363636363,0.24367088607594933,0.14268537074148294,0.009205983889528193,1.0,0,1,1,0
0.44999999999999996,0.14794303797468353,0.08336673346693386,0.02301495972382048,1.0,0,1,1,0
0.5272727272727272,0.13528481012658228,0.07935871743486973,0.02301495972382048,1.0,0,1,1,0
0.5818181818181818,0.11392405063291138,0.07494989979959919,0.016110471806674336,1.0,0,1,1,0
0.4727272727272727,0.15981012658227844,0.08777555110220439,0.013808975834292287,1.0,0,1,1,1
0.6136363636363636,0.15110759493670886,0.08256513026052104,0.020713463751438434,0.6666666666666667,0,1,3,0
0.6909090909090909,0.11313291139240506,0.06452905811623247,0.013808975834292287,0.6666666666666667,0,1,3,0
0.6545454545454545,0.07278481012658226,0.0408817635270541,0.013808975834292287,0.6666666666666667,0,1,3,0
0.6863636363636363,0.0870253164556962,0.05170340681362725,0.013808975834292287,0.6666666666666667,0,1,3,0
0.7318181818181818,0.14556962025316453,0.09138276553106212,0.02646720368239355,0.6666666666666667,0,1,3,0
0.6863636363636363,0.16851265822784808,0.1002004008016032,0.027617951668584575,0.6666666666666667,0,1,3,0
0.7136363636363636,0.12104430379746835,0.06573146292585169,0.01150747986191024,0.6666666666666667,0,1,3,0
0.609090909090909,0.13924050632911392,0.07935871743486973,0.018411967779056387,0.6666666666666667,0,1,3,0
0.6818181818181818,0.17879746835443036,0.1002004008016032,0.012658227848101266,0.6666666666666667,0,1,3,0
0.7227272727272727,0.09889240506329113,0.058116232464929855,0.009205983889528193,0.6666666666666667,0,1,3,1
0.5727272727272728,0.12341772151898732,0.06933867735470942,0.013808975834292287,0.6666666666666667,0,1,3,0
0.5045454545454545,0.08623417721518986,0.04969939879759518,0.018411967779056387,0.6666666666666667,0,1,3,0
0.4636363636363636,0.0846518987341772,0.05731462925851703,0.016110471806674336,0.6666666666666667,0,1,3,0
0.5818181818181818,0.09968354430379746,0.05410821643286573,0.014959723820483311,0.6666666666666667,0,1,3,0
0.5318181818181817,0.13607594936708858,0.09138276553106212,0.0333716915995397,0.3333333333333333,1,1,2,0
0.43636363636363634,0.12420886075949365,0.07054108216432865,0.01956271576524741,0.3333333333333333,1,1,2,0
0.33636363636363636,0.08069620253164556,0.05170340681362725,0.01726121979286536,0.3333333333333333,1,1,2,0
0.2636363636363636,0.2927215189873417,0.18997995991983968,0.05638665132336018,0.3333333333333333,1,1,2,0
0.34545454545454546,0.3243670886075949,0.1855711422845691,0.03797468354430379,0.3333333333333333,1,1,2,0
0.2636363636363636,0.2602848101265822,0.14909819639278557,0.0287686996547756,0.3333333333333333,1,1,2,0
0.45454545454545453,0.2096518987341772,0.11302605210420841,0.020713463751438434,0.3333333333333333,1,1,2,1
0.5272727272727272,0.18037974683544303,0.09779559118236472,0.03107019562715765,0.0,1,1,0,0
0.6227272727272727,0.12499999999999999,0.08096192384769538,0.02301495972382048,0.0,1,1,0,0
0.5636363636363636,0.08623417721518986,0.0533066132264529,0.01726121979286536,0.0,1,1,0,0
0.5954545454545455,0.10522151898734176,0.06292585170340681,0.02646720368239355,0.0,1,1,0,0
0.5909090909090908,0.10284810126582276,0.06693386773547094,0.020713463751438434,0.0,1,1,0,0
0.5363636363636364,0.11313291139240506,0.06332665330661322,0.020713463751438434,0.0,1,1,0,0
0.5681818181818181,0.08148734177215189,0.04769539078156312,0.013808975834292287,0.0,1,1,0,0
0.5454545454545454,0.10205696202531644,0.05851703406813626,0.013808975834292287,0.0,1,1,0,0
0.6136363636363636,0.07278481012658226,0.04529058116232465,0.009205983889528193,0.0,1,1,0,0
0.5227272727272727,0.09651898734177213,0.052905811623246486,0.010356731875719217,0.0,1,1,0,0
0.7181818181818181,0.120253164556962,0.06693386773547094,0.018411967779056387,0.0,1,1,0,0
0.7318181818181818,0.17642405063291136,0.10420841683366733,0.021864211737629455,0.0,1,1,0,0
0.7272727272727273,0.3615506329113924,0.20521042084168337,0.03567318757192174,0.0,1,1,0,0
0.8863636363636364,0.3765822784810126,0.2004008016032064,0.01956271576524741,0.0,1,1,0,0
0.5545454545454546,0.20332278481012656,0.1062124248496994,0.018411967779056387,0.0,1,1,0,0
0.5227272727272727,0.09968354430379746,0.058116232464929855,0.009205983889528193,0.0,1,1,0,0
0.6863636363636363,0.0791139240506329,0.04288577154308617,0.006904487917146144,0.0,1,1,0,0
0.7272727272727273,0.1257911392405063,0.0817635270541082,0.016110471806674336,0.0,1,1,0,1
0.6818181818181818,0.120253164556962,0.0693386773547094,0.01150747986191024,0.0,1,1,0,0
0.6318181818181818,0.120253164556962,0.07775551102204407,0.016110471806674336,0.0,1,1,0,0
0.45909090909090905,0.17958860759493667,0.1094188376753507,0.03797468354430379,0.0,1,1,0,0
0.34545454545454546,0.16455696202531644,0.12144288577154308,0.05868814729574222,0.0,1,0,0,0
0.3409090909090909,0.09018987341772151,0.07054108216432865,0.03682393555811277,0.0,1,1,0,0
0.5909090909090908,0.10205696202531643,0.06372745490981963,0.016110471806674336,0.0,1,1,0,0
0.5454545454545454,0.23892405063291136,0.13827655310621242,0.02531645569620253,0.0,1,1,0,0
0.45909090909090905,0.22863924050632906,0.15190380761523045,0.04027617951668584,0.0,1,0,0,0
0.24545454545454545,0.15981012658227844,0.10260521042084168,0.03797468354430379,0.0,1,0,0,0
0.35909090909090907,0.14082278481012656,0.09018036072144288,0.03567318757192175,0.0,1,0,0,0
0.44090909090909086,0.10522151898734176,0.060521042084168336,0.024165707710011506,0.0,1,1,0,0
0.3318181818181818,0.0870253164556962,0.06012024048096192,0.014959723820483311,0.0,1,1,0,0
0.45909090909090905,0.08306962025316454,0.053707414829659315,0.013808975834292287,0.0,1,1,0,0
0.4954545454545454,0.120253164556962,0.07695390781563126,0.027617951668584575,0.0,1,1,0,1
0.5636363636363636,0.12737341772151897,0.08496993987975951,0.02531645569620253,0.0,1,1,0,0
0.5636363636363636,0.1993670886075949,0.12264529058116232,0.03567318757192174,0.0,1,1,0,0
0.5227272727272727,0.1534810126582278,0.08496993987975951,0.03222094361334867,0.0,1,1,0,0
0.4636363636363636,0.1534810126582278,0.08977955911823646,0.0287686996547756,0.0,1,1,0,0
0.38636363636363635,0.11550632911392403,0.0721442885771543,0.021864211737629455,0.0,1,1,0,0
0.46818181818181814,0.09889240506329113,0.06052104208416833,0.013808975834292287,0.0,1,1,0,0
0.41818181818181815,0.13528481012658228,0.08296593186372744,0.03222094361334867,0.0,1,1,0,0
0.3,0.09889240506329113,0.06452905811623247,0.02301495972382048,0.0,1,0,0,0
0.25,0.12816455696202528,0.09178356713426852,0.03222094361334867,0.0,1,0,0,0
0.18181818181818182,0.09177215189873417,0.06653306613226453,0.027617951668584582,0.0,1,0,0,0
0.41818181818181815,0.16218354430379744,0.09498997995991983,0.016110471806674336,0.0,1,1,0,0
0.5136363636363636,0.12974683544303794,0.07374749498997994,0.014959723820483311,0.0,1,1,0,0
0.5227272727272727,0.09810126582278479,0.053707414829659315,0.012658227848101266,0.0,1,1,0,0
0.6,0.1091772151898734,0.07054108216432865,0.02646720368239355,0.0,1,1,0,0
0.6545454545454545,0.1503164556962025,0.08617234468937875,0.02531645569620253,0.0,1,1,0,0
0.5,0.13607594936708858,0.08817635270541081,0.027617951668584582,0.0,1,1,0,0
0.4727272727272727,0.09493670886075947,0.057715430861723434,0.01726121979286536,0.0,1,1,0,0
0.38636363636363635,0.12816455696202528,0.08777555110220439,0.03797468354430379,0.0,1,0,0,0
0.2909090909090909,0.08939873417721518,0.06292585170340681,0.020713463751438434,0.0,1,0,0,0
0.2772727272727273,0.09177215189873417,0.06412825651302605,0.02301495972382048,0.0,1,0,0,0
0.6227272727272727,0.11313291139240506,0.06613226452905811,0.016110471806674336,0.0,1,1,0,0
0.6318181818181818,0.1416139240506329,0.08697394789579158,0.021864211737629455,0.0,1,1,0,0
0.6181818181818182,0.240506329113924,0.15190380761523045,0.016110471806674336,0.0,1,1,0,0
0.8636363636363636,0.4683544303797468,0.2468937875751503,0.013808975834292287,0.0,1,1,0,0
0.7272727272727273,0.3164556962025316,0.18156312625250498,0.014959723820483311,0.0,1,1,0,0
0.6590909090909091,0.26740506329113917,0.1442885771543086,0.014959723820483313,0.0,1,1,0,0
0.5818181818181818,0.120253164556962,0.06613226452905811,0.010356731875719217,0.0,1,1,0,0
0.609090909090909,0.21044303797468353,0.11903807615230459,0.014959723820483313,0.0,1,1,0,0
0.6454545454545454,0.11787974683544303,0.06973947895791582,0.013808975834292287,0.0,1,1,0,0
0.5863636363636363,0.2420886075949367,0.13146292585170338,0.021864211737629455,0.0,1,1,0,0
0.4636363636363636,0.2824367088607595,0.17194388777555109,0.03222094361334867,0.0,1,0,0,0
0.40909090909090906,0.3132911392405063,0.17795591182364728,0.021864211737629455,0.0,1,0,0,0
0.5818181818181818,0.15981012658227844,0.09418837675350701,0.013808975834292287,0.0,1,1,0,0
0.5409090909090909,0.1313291139240506,0.08376753507014027,0.01726121979286536,0.0,1,1,0,0
0.3227272727272727,0.5585443037974682,0.31743486973947893,0.095512082853855,0.0,2,0,0,1
0.45909090909090905,0.5727848101265822,0.31142284569138273,0.04257767548906789,0.0,2,0,0,0
0.5681818181818181,0.49208860759493667,0.25691382765531057,0.02646720368239355,0.0,1,0,0,0
0.5636363636363636,0.3615506329113924,0.2060120240480962,0.021864211737629455,0.0,1,0,0,0
0.7272727272727273,0.310126582278481,0.16392785571142282,0.016110471806674336,0.3333333333333333,1,1,2,0
0.6454545454545454,0.25474683544303794,0.1466933867735471,0.013808975834292287,0.3333333333333333,1,1,2,0
0.6227272727272727,0.4667721518987341,0.2581162324649299,0.020713463751438434,0.3333333333333333,1,1,2,1
0.4909090909090909,0.0,0.0,0.0,0.3333333333333333,1,1,2,0
0.5272727272727272,0.0,0.0,0.0,0.3333333333333333,1,1,2,0
0.6409090909090909,0.0,0.0,0.0,0.3333333333333333,1,1,2,0
0.7863636363636364,0.0,0.0,0.0,0.3333333333333333,1,1,2,0
0.7727272727272727,0.0,0.0,0.0,0.0,1,1,0,0
0.8136363636363636,0.0,0.0,0.0,0.0,1,1,0,0
0.6590909090909091,0.0,0.0,0.0,0.0,1,1,0,0
0.5681818181818181,0.0,0.0,0.0,0.0,1,1,0,0
0.5636363636363636,0.0,0.0,0.0,0.0,1,1,0,0
0.6409090909090909,0.0,0.0,0.0,0.0,1,1,0,0
0.5954545454545455,0.0,0.0,0.0,0.0,1,1,0,0
0.5136363636363636,0.0,0.0,0.0,0.0,1,1,0,0
0.39545454545454545,0.0,0.0,0.0,0.0,1,1,0,0
0.22272727272727272,0.0,0.0,0.0,0.0,1,1,0,0
0.16818181818181818,0.0,0.0,0.0,0.0,1,0,0,1
0.24545454545454545,0.28006329113924044,0.19799599198396792,0.10932105868814729,0.0,1,0,0,1
0.3909090909090909,0.19857594936708858,0.14268537074148296,0.05983889528193325,0.0,1,0,0,0
0.43636363636363634,0.18987341772151894,0.1286573146292585,0.0575373993095512,0.0,1,0,0,1
0.45454545454545453,0.21993670886075947,0.14188376753507015,0.06098964326812428,0.0,1,0,0,1
0.44999999999999996,0.2594936708860759,0.15470941883767533,0.06329113924050632,0.0,1,0,0,0
0.37727272727272726,0.18749999999999997,0.13226452905811623,0.0667433831990794,0.0,1,0,0,0
0.23636363636363636,0.23813291139240503,0.18076152304609217,0.08055235903337168,0.0,1,0,0,1
0.40909090909090906,0.19462025316455694,0.12705410821643284,0.06444188722669734,0.0,1,0,0,0
0.44545454545454544,0.23813291139240503,0.1855711422845691,0.05063291139240506,0.0,1,0,0,0
0.3818181818181818,0.1914556962025316,0.1286573146292585,0.0575373993095512,0.0,1,0,0,0
0.41363636363636364,0.17563291139240503,0.12985971943887775,0.06444188722669734,0.0,1,0,0,0
0.5454545454545454,0.18749999999999997,0.12104208416833666,0.04718066743383198,0.0,1,1,0,1
0.47727272727272724,0.15427215189873417,0.11142284569138276,0.05408515535097813,0.0,1,1,0,1
0.35909090909090907,0.3805379746835443,0.23767535070140278,0.08285385500575373,0.0,1,0,0,1
0.2818181818181818,0.16851265822784808,0.13987975951903805,0.10471806674338319,0.0,1,0,0,0
0.5590909090909091,0.18749999999999997,0.12344689378757515,0.03797468354430379,0.0,1,1,0,0
0.40909090909090906,0.5284810126582278,0.32505010020040076,0.07594936708860758,0.0,2,0,0,0
0.2545454545454545,0.9999999999999999,0.583567134268537,0.1311852704257767,0.0,2,0,0,0
0.6363636363636364,0.12499999999999999,0.0781563126252505,0.0287686996547756,0.0,1,1,0,0
0.5818181818181818,0.0846518987341772,0.058116232464929855,0.02646720368239355,0.0,1,1,0,1
0.4909090909090909,0.19699367088607592,0.12064128256513025,0.05063291139240506,0.0,1,1,0,1
0.20909090909090908,0.4359177215189873,0.294188376753507,0.13693901035673187,0.0,2,0,0,0
0.42727272727272725,0.303006329113924,0.18877755511022043,0.05868814729574222,0.0,1,0,0,0
0.41363636363636364,0.17800632911392403,0.10501002004008014,0.03107019562715765,0.0,1,0,0,0
0.3818181818181818,0.2420886075949367,0.14629258517034066,0.06098964326812428,0.0,1,0,0,1
0.509090909090909,0.17958860759493667,0.1066132264529058,0.03452243958573072,0.0,1,1,0,1
0.4727272727272727,0.18987341772151894,0.11703406813627253,0.03567318757192175,0.0,1,1,0,0
0.3727272727272727,0.39636075949367083,0.2344689378757515,0.07594936708860758,0.0,1,0,0,0
0.45909090909090905,0.2903481012658228,0.17274549098196393,0.04718066743383198,0.0,1,0,0,1
0.5545454545454546,0.18749999999999997,0.11142284569138276,0.03682393555811277,0.0,1,1,0,0
0.23636363636363636,0.3947784810126582,0.2565130260521042,0.12082853855005753,0.0,2,0,0,0
0.3090909090909091,0.6305379746835442,0.38036072144288574,0.12313003452243956,0.0,2,0,0,0
0.2863636363636364,0.6289556962025316,0.39038076152304607,0.10932105868814729,0.0,2,0,0,1
0.4909090909090909,0.3022151898734177,0.19639278557114226,0.07249712313003451,0.0,1,0,0,1
0.33636363636363636,0.26740506329113917,0.16312625250501,0.04027617951668584,0.0,1,0,0,0
0.33636363636363636,0.2215189873417721,0.13026052104208416,0.03912543153049482,0.0,1,0,0,1
0.3,0.21360759493670883,0.13587174348697392,0.04718066743383198,0.0,1,0,0,0
0.16363636363636364,0.31724683544303794,0.2100200400801603,0.10701956271576524,0.0,1,0,0,0
0.20909090909090908,0.13765822784810122,0.09739478957915831,0.04372842347525891,0.0,1,0,0,0
0.47727272727272724,0.13291139240506325,0.0845691382765531,0.027617951668584575,0.0,1,1,0,0
0.5272727272727272,0.09651898734177213,0.07134268537074148,0.0333716915995397,0.0,1,1,0,1
0.5272727272727272,0.1938291139240506,0.12785571142284569,0.03797468354430379,0.0,1,1,0,0
0.509090909090909,0.18037974683544303,0.13186372745490982,0.04718066743383198,0.0,1,1,0,0
0.41818181818181815,0.2943037974683544,0.1843687374749499,0.06789413118527042,0.0,1,0,0,0
0.4636363636363636,0.2064873417721519,0.12705410821643284,0.04142692750287687,0.0,1,0,0,1
0.35909090909090907,0.29113924050632906,0.17274549098196393,0.06329113924050632,0.0,1,0,0,0
0.41818181818181815,0.4042721518987341,0.23366733466933864,0.05638665132336018,0.0,1,0,0,0
0.5136363636363636,0.19620253164556958,0.11703406813627253,0.03107019562715765,0.0,1,1,0,0
0.5318181818181817,0.21598101265822783,0.13707414829659317,0.03107019562715765,0.0,1,1,0,0
0.45909090909090905,0.2903481012658228,0.17354709418837672,0.04372842347525891,0.0,1,0,0,1
0.0,0.0,0.0,0.0,0.0,1,0,0,0
0.5318181818181817,0.22705696202531642,0.14268537074148294,0.03682393555811277,0.0,1,1,0,0
0.41363636363636364,0.39003164556962017,0.23246492985971942,0.044879171461449936,0.0,1,0,0,1
0.45909090909090905,0.3109177215189873,0.17635270541082163,0.04257767548906789,0.0,1,0,0,0
0.44545454545454544,0.2824367088607595,0.16553106212424848,0.03912543153049482,0.0,1,0,0,1
0.43636363636363634,0.4454113924050632,0.24328657314629257,0.0575373993095512,0.0,1,0,0,1
0.22727272727272727,0.670886075949367,0.4376753507014028,0.20253164556962025,0.0,2,0,0,0
0.37727272727272726,0.2856012658227848,0.225250501002004,0.1726121979286536,0.0,1,0,0,0
0.23636363636363636,0.3805379746835443,0.32424849699398794,0.20828538550057538,0.0,2,0,0,0
0.5272727272727272,0.1716772151898734,0.11222444889779558,0.04602991944764096,0.0,1,1,0,1
0.5181818181818182,0.18433544303797467,0.13026052104208416,0.07364787111622555,0.0,1,1,0,1
0.39545454545454545,0.2183544303797468,0.1503006012024048,0.08515535097813579,0.0,1,0,0,1
0.3727272727272727,0.2049050632911392,0.15551102204408815,0.0817031070195627,0.0,1,0,0,1
0.34545454545454546,0.19699367088607592,0.14068136272545087,0.0713463751438435,0.0,1,0,0,0
0.3045454545454545,0.32594936708860756,0.24248496993987975,0.14844649021864212,0.0,1,0,0,0
0.38636363636363635,0.20886075949367083,0.15430861723446893,0.0909090909090909,0.0,1,0,0,0
0.3181818181818182,0.2832278481012658,0.20480961923847693,0.095512082853855,0.0,1,0,0,0
0.32727272727272727,0.2341772151898734,0.16833667334669336,0.10356731875719216,0.0,1,0,0,0
0.48636363636363633,0.1613924050632911,0.10861723446893787,0.05638665132336018,0.0,1,1,0,0
0.37727272727272726,0.28006329113924044,0.1843687374749499,0.07249712313003452,0.0,1,0,0,1
0.3,0.4335443037974683,0.3066132264529058,0.14039125431530491,0.0,2,0,0,0
0.20454545454545453,0.5126582278481011,0.3627254509018036,0.20943613348676637,0.0,2,0,0,0
0.3227272727272727,0.39794303797468344,0.2781563126252505,0.10817031070195626,0.0,1,0,0,0
0.2727272727272727,0.45965189873417717,0.32344689378757513,0.1196777905638665,0.0,2,0,0,0
0.1590909090909091,0.6123417721518987,0.48096192384769537,0.19332566168009205,0.0,2,0,0,0
0.2409090909090909,0.36471518987341767,0.27494989979959916,0.15189873417721517,0.0,2,0,0,0
0.18636363636363634,0.6787974683544302,0.5727454909819638,0.4200230149597238,0.0,2,0,0,0
0.01818181818181818,0.7420886075949366,0.907815631262525,0.9850402761795165,0.0,2,0,0,0
0.22727272727272727,0.5126582278481011,0.3294589178356713,0.13118527042577674,0.0,2,0,0,0
0.44999999999999996,0.3140822784810126,0.19599198396793588,0.07710011507479861,0.0,1,0,0,0
0.4727272727272727,0.3291139240506329,0.21763527054108214,0.08975834292289987,0.0,1,0,0,0
0.4318181818181818,0.3069620253164556,0.206813627254509,0.10471806674338319,0.0,1,0,0,0
0.5954545454545455,0.13449367088607592,0.09178356713426852,0.04602991944764096,0.0,1,1,0,1
0.0,0.49129746835443033,0.3006012024048096,0.11047180667433833,0.0,2,0,0,1
0.0,0.23338607594936706,0.13947895791583165,0.03912543153049482,0.0,1,0,0,0
0.0,0.09335443037974683,0.06492985971943888,0.027617951668584575,0.0,1,0,0,0
0.5909090909090908,0.09177215189873417,0.0625250501002004,0.029919447640966625,0.0,1,1,0,1
0.4909090909090909,0.1416139240506329,0.09338677354709418,0.03912543153049482,0.0,1,1,0,0
0.43636363636363634,0.14240506329113922,0.09819639278557113,0.04027617951668584,0.0,1,1,0,0
0.4727272727272727,0.18987341772151894,0.12264529058116232,0.05983889528193325,0.0,1,0,0,0
0.20909090909090908,0.5261075949367088,0.40841683366733467,0.1956271576524741,0.0,2,0,0,1
0.24545454545454545,0.34651898734177206,0.2476953907815631,0.15189873417721517,0.0,1,0,0,0
0.2681818181818182,0.33386075949367083,0.2581162324649299,0.14384349827387802,0.0,1,0,0,0
0.3818181818181818,0.48734177215189867,0.333066132264529,0.13233601841196777,0.0,2,0,0,0
0.19545454545454544,0.4715189873417721,0.39318637274549095,0.2105868814729574,0.0,2,0,0,1
0.2681818181818182,0.35996835443037967,0.26893787575150296,0.1622554660529344,0.0,1,0,0,0
0.2772727272727273,0.2998417721518987,0.21523046092184367,0.12773302646720366,0.0,1,0,0,0
0.09090909090909091,0.6827531645569619,0.6240480961923847,0.5638665132336018,0.0,2,0,0,0
0.10909090909090909,0.7444620253164556,0.5931863727454909,0.39815880322209435,0.0,2,0,0,1
0.08181818181818182,0.5324367088607594,0.4472945891783566,0.3647871116225546,0.0,2,0,0,0
0.02727272727272727,0.7761075949367087,0.8464929859719438,0.767548906789413,0.0,2,0,0,0
0.11818181818181818,0.728639240506329,0.6008016032064128,0.27848101265822783,0.0,2,0,0,1
0.21818181818181817,0.6882911392405062,0.4428857715430861,0.1852704257767549,0.0,2,0,0,1
0.2909090909090909,0.367879746835443,0.2605210420841683,0.1380897583429229,0.0,1,0,0,0
0.11363636363636363,0.7903481012658227,0.6144288577154309,0.3924050632911392,0.0,2,0,0,0
0.12272727272727273,0.7587025316455696,0.6084168336673347,0.36248561565017257,0.0,2,0,0,1
0.2681818181818182,0.6424050632911391,0.4176352705410821,0.17146144994246257,0.0,2,0,0,0
0.35909090909090907,0.4390822784810126,0.3098196392785571,0.142692750287687,0.0,2,0,0,0
0.38636363636363635,0.4090189873417721,0.257314629258517,0.08515535097813579,0.0,1,0,0,1
0.40909090909090906,0.42088607594936706,0.26893787575150296,0.10241657077100112,0.0,1,0,0,0
0.2954545454545454,0.594145569620253,0.39038076152304607,0.12773302646720366,0.0,2,0,0,0
0.16818181818181818,0.7729430379746834,0.6320641282565129,0.3429228998849252,0.0,2,0,0,1
0.5818181818181818,0.22072784810126578,0.1406813627254509,0.0575373993095512,0.0,1,1,0,0
0.6,0.1503164556962025,0.10220440881763526,0.03797468354430379,0.0,1,1,0,1
0.6454545454545454,0.12737341772151897,0.0813627254509018,0.03452243958573072,0.0,1,1,0,0
0.18636363636363634,0.8022151898734177,0.5342685370741483,0.22439585730724967,0.0,2,0,0,0
0.5499999999999999,0.1772151898734177,0.11583166332665329,0.04372842347525891,0.0,1,1,0,0
0.5727272727272728,0.18512658227848097,0.11743486973947895,0.0333716915995397,0.0,1,1,0,1
0.5454545454545454,0.2650316455696202,0.16152304609218435,0.03912543153049482,0.0,1,0,0,1
0.39999999999999997,0.35917721518987333,0.2128256513026052,0.07364787111622555,0.0,1,0,0,0
0.33636363636363636,0.3132911392405063,0.1911823647294589,0.07479861910241656,0.0,1,0,0,0
0.3227272727272727,0.43196202531645567,0.2913827655310621,0.13233601841196777,0.0,2,0,0,0
0.2954545454545454,0.49208860759493667,0.31903807615230456,0.10126582278481013,0.0,2,0,0,1
0.33636363636363636,0.39003164556962017,0.282565130260521,0.11622554660529343,0.0,1,0,0,0
0.21818181818181817,0.48575949367088606,0.35310621242484963,0.1622554660529344,0.0,2,0,0,1
0.5545454545454546,0.18670886075949367,0.11583166332665329,0.04372842347525891,0.0,1,1,0,1
0.44545454545454544,0.23101265822784806,0.14989979959919839,0.06559263521288837,0.0,1,0,0,0
0.5,0.20332278481012656,0.14909819639278557,0.0713463751438435,0.0,1,0,0,0
0.5772727272727273,0.20094936708860756,0.12705410821643284,0.044879171461449936,0.0,1,1,0,0
0.44999999999999996,0.22310126582278478,0.1402805611222445,0.05523590333716915,0.0,1,0,0,0
0.39999999999999997,0.19778481012658225,0.1386773547094188,0.07364787111622555,0.0,1,0,0,0
0.17727272727272728,0.4556962025316455,0.33346693386773546,0.20713463751438432,0.0,2,0,0,0
0.2318181818181818,0.42879746835443033,0.3434869739478958,0.20483314154200224,0.0,2,0,0,0
0.07272727272727272,0.7175632911392404,0.6220440881763526,0.47640966628308395,0.0,2,0,0,0
0.1590909090909091,0.548259493670886,0.37154308617234466,0.24395857307249708,0.0,2,0,0,1
0.36818181818181817,0.3552215189873418,0.26492985971943883,0.1311852704257767,0.0,1,0,0,0
0.16818181818181818,0.6542721518987341,0.4849699398797595,0.22784810126582278,0.0,2,0,0,0
0.4954545454545454,0.3441455696202531,0.21442885771543085,0.07594936708860758,0.0,1,0,0,0
0.36818181818181817,0.4477848101265822,0.30581162324649297,0.11852704257767549,0.0,2,0,0,0
0.10454545454545454,0.8694620253164556,0.6769539078156313,0.36939010356731866,0.0,2,0,0,0
0.33636363636363636,0.4042721518987341,0.2985971943887775,0.13924050632911392,0.0,1,0,0,1
0.21818181818181817,0.6906645569620253,0.46492985971943884,0.18181818181818177,0.0,2,0,0,0
0.17727272727272728,0.5799050632911391,0.3839679358717435,0.16915995397008052,0.0,2,0,0,0
0.09545454545454544,0.5561708860759492,0.5306613226452905,0.4119677790563866,0.0,2,0,0,0
0.06818181818181818,0.7381329113924049,0.6292585170340681,0.38204833141542,0.0,2,0,0,1
0.2954545454545454,0.3109177215189873,0.21643286573146292,0.1254315304948216,0.0,1,0,0,1
0.48636363636363633,0.23022151898734175,0.14949899799599195,0.05983889528193325,0.0,1,0,0,1
0.6409090909090909,0.24129746835443033,0.14468937875751503,0.04372842347525891,0.0,1,1,0,0
0.45909090909090905,0.418512658227848,0.2817635270541082,0.09205983889528192,0.0,1,0,0,0
0.37727272727272726,0.5688291139240506,0.3386773547094188,0.11162255466052932,0.0,2,0,0,1
0.5,0.4992088607594936,0.29699398797595183,0.07710011507479861,0.0,1,0,0,0
0.5636363636363636,0.5419303797468353,0.34228456913827654,0.0817031070195627,0.0,1,0,0,0
0.5818181818181818,0.4034810126582278,0.2565130260521042,0.0621403912543153,0.0,1,0,0,1
0.41363636363636364,0.7136075949367088,0.43446893787575147,0.11737629459148444,0.0,2,0,0,1
0.6272727272727272,0.21044303797468353,0.12424849699398796,0.04372842347525891,0.0,1,1,0,0
0.5363636363636364,0.3457278481012658,0.20120240480961923,0.05408515535097813,0.0,1,0,0,0
0.45454545454545453,0.3742088607594936,0.23166332665330658,0.09205983889528192,0.0,1,0,0,0
0.25,0.5094936708860759,0.3006012024048096,0.10241657077100115,0.0,2,0,0,0
0.5409090909090909,0.1693037974683544,0.10501002004008014,0.0333716915995397,0.0,1,1,0,0
0.5727272727272728,0.13844936708860758,0.08657314629258517,0.029919447640966625,0.0,1,1,0,1
0.5954545454545455,0.18433544303797467,0.1186372745490982,0.049482163406214044,0.0,1,1,0,0
0.43636363636363634,0.3132911392405063,0.20480961923847693,0.06904487917146145,0.0,1,0,0,0
0.3818181818181818,0.2318037974683544,0.15551102204408815,0.06904487917146145,0.0,1,0,0,0
0.5681818181818181,0.20332278481012656,0.1254509018036072,0.04027617951668584,0.0,1,1,0,0
0.6636363636363636,0.24762658227848097,0.14509018036072144,0.04833141542002301,0.0,1,1,0,0
0.6363636363636364,0.25474683544303794,0.15190380761523045,0.04257767548906789,0.0,1,1,0,0
0.5545454545454546,0.3575949367088607,0.20280561122244486,0.04372842347525891,0.0,1,0,0,1
0.5318181818181817,0.3908227848101265,0.24488977955911823,0.06674338319907941,0.0,1,0,0,0
0.3909090909090909,0.5712025316455696,0.3743486973947896,0.11277330264672036,0.0,2,0,0,1
0.2409090909090909,0.8037974683544302,0.5595190380761522,0.1634062140391254,0.0,2,0,0,0
0.5136363636363636,0.3821202531645569,0.23647294589178355,0.0817031070195627,0.0,1,0,0,0
0.6,0.2420886075949367,0.14749498997995988,0.05408515535097813,0.0,1,1,0,1
0.42272727272727273,0.3781645569620252,0.2509018036072144,0.07364787111622555,0.0,1,0,0,0
0.6954545454545454,0.2096518987341772,0.11823647294589178,0.029919447640966625,0.0,1,1,0,1
0.6954545454545454,0.1890822784810126,0.11543086172344688,0.0287686996547756,0.0,1,1,0,0
0.6363636363636364,0.21202531645569617,0.12785571142284569,0.03107019562715765,0.0,1,1,0,0
0.5954545454545455,0.1890822784810126,0.1066132264529058,0.029919447640966625,0.0,1,1,0,0
0.5318181818181817,0.2808544303797468,0.18156312625250498,0.04833141542002301,0.0,1,0,0,0
0.509090909090909,0.32832278481012656,0.19238476953907813,0.05178365937859608,0.0,1,0,0,0
0.4909090909090909,0.2840189873417721,0.1723446893787575,0.049482163406214044,0.0,1,0,0,0
0.5818181818181818,0.23022151898734175,0.14388777555110221,0.03567318757192175,0.0,1,1,0,0
0.5818181818181818,0.240506329113924,0.14268537074148296,0.03682393555811277,0.0,1,1,0,0
0.5818181818181818,0.19620253164556958,0.11623246492985971,0.03222094361334867,0.0,1,1,0,0
0.5818181818181818,0.2958860759493671,0.1811623246492986,0.04027617951668584,0.0,1,0,0,0
0.7045454545454545,0.21439873417721517,0.12344689378757515,0.0287686996547756,0.0,1,1,0,0
0.7636363636363636,0.21993670886075947,0.12464929859719438,0.02646720368239355,0.0,1,1,0,0
0.7,0.182753164556962,0.10420841683366733,0.02531645569620253,0.0,1,1,0,0
0.6227272727272727,0.2863924050632911,0.1751503006012024,0.03797468354430379,0.0,1,1,0,0
0.509090909090909,0.32832278481012656,0.1911823647294589,0.05178365937859608,0.0,1,0,0,0
0.5,0.19462025316455694,0.11783567134268536,0.029919447640966625,0.0,1,1,0,0
