temp,feelslikemax,feelslikemin,feelslike,dew,humidity,precip,precipprob,precipcover,windspeed,sealevelpressure,cloudcover,visibility,solarradiation,solarenergy,uvindex,Ozono (µg/m3),Dióxido de Azoto (µg/m3),Óxidos de Azoto (µg/m3),Monóxido de Azoto (µg/m3),pollen_intensity,Clear,Partially cloudy,Rain,"Rain, Overcast","Rain, Partially cloudy",tem amplitude,temp cahnge,temp cahnge2,risk level
11.5,16.0,6.6,11.4,5.1,66.2,0.0,0.0,0.0,11.1,1031.6,1.2,10.1,117.2,10.3,5.0,12.0,42.45,54.55,7.5,1.0,1.0,0.0,0.0,0.0,0.0,8.4,0.0,0.0,1
10.9,15.9,6.2,10.5,7.4,80.2,0.0,0.0,0.0,16.4,1029.9,3.5,9.1,57.6,4.8,3.0,25.0,39.7,46.3,3.65,1.0,1.0,0.0,0.0,0.0,0.0,8.3,-0.5999999999999996,0.0,0
9.7,13.1,4.1,8.7,6.9,84.1,0.0,0.0,0.0,16.8,1029.9,13.1,6.5,101.0,8.8,5.0,22.0,36.35,55.1,3.1,1.0,1.0,0.0,0.0,0.0,0.0,6.5,2.299999999999999,-1.200000000000001,1
10.5,14.8,6.0,9.9,5.5,71.4,0.0,0.0,0.0,14.9,1033.3,0.4,9.9,128.6,11.1,5.0,34.5,31.75,39.15,2.55,1.0,1.0,0.0,0.0,0.0,0.0,7.000000000000001,0.8000000000000007,3.0999999999999996,0
8.7,14.2,5.3,8.4,4.6,76.4,0.0,0.0,0.0,13.0,1031.5,1.4,10.0,118.2,10.3,5.0,15.0,46.3,58.5,7.15,1.0,1.0,0.0,0.0,0.0,0.0,8.899999999999999,-1.8000000000000007,-1.0,0
10.4,15.3,3.0,9.8,-0.6,49.7,0.0,0.0,0.0,15.3,1029.4,0.5,10.6,123.6,10.4,5.0,7.0,58.2,87.55000000000001,17.6,1.0,1.0,0.0,0.0,0.0,0.0,9.8,1.700000000000001,-0.09999999999999964,1
10.6,15.3,5.6,10.1,0.0,48.7,0.0,0.0,0.0,14.5,1028.6,1.5,11.9,126.0,11.0,5.0,17.0,55.45,88.5,20.2,1.0,1.0,0.0,0.0,0.0,0.0,8.5,0.1999999999999993,1.9000000000000004,0
11.2,17.1,6.8,11.1,4.4,64.1,0.0,0.0,0.0,13.9,1022.9,2.5,10.8,121.1,10.4,5.0,5.5,62.2,124.75,35.15,1.0,1.0,0.0,0.0,0.0,0.0,10.3,0.5999999999999996,0.7999999999999989,0
11.5,14.7,7.5,11.2,4.4,63.0,0.0,0.0,0.0,21.5,1019.0,0.0,11.5,124.4,10.8,5.0,35.0,30.65,33.4,3.4000000000000004,1.0,1.0,0.0,0.0,0.0,0.0,6.299999999999999,0.3000000000000007,0.9000000000000004,0
9.5,12.1,3.4,8.1,-0.9,48.7,0.0,0.0,0.0,20.4,1025.7,0.0,12.1,127.0,10.9,5.0,46.0,23.6,32.55,2.25,1.0,1.0,0.0,0.0,0.0,0.0,5.699999999999999,-2.0,-1.6999999999999993,0
9.4,13.0,3.3,8.0,1.0,56.4,0.0,0.0,0.0,18.4,1029.3,0.0,10.9,129.0,11.0,5.0,42.5,24.65,32.3,2.8,1.0,1.0,0.0,0.0,0.0,0.0,7.0,-0.09999999999999964,-2.0999999999999996,1
9.8,13.5,4.8,8.8,2.9,62.9,0.0,0.0,0.0,16.8,1028.7,0.4,10.5,129.0,11.0,5.0,33.5,25.4,28.55,4.1,1.0,1.0,0.0,0.0,0.0,0.0,6.6,0.40000000000000036,0.3000000000000007,0
9.9,15.4,3.8,9.6,6.1,78.2,0.0,0.0,0.0,11.9,1024.4,1.5,9.7,123.5,10.5,5.0,14.0,51.45,65.8,8.2,1.0,1.0,0.0,0.0,0.0,0.0,10.5,0.09999999999999964,0.5,1
10.1,12.3,7.1,9.8,8.3,89.0,0.0,0.0,0.0,9.8,1021.0,13.2,6.9,28.7,2.5,1.0,9.5,49.9,96.55,26.1,1.0,1.0,0.0,0.0,0.0,0.0,4.6000000000000005,0.1999999999999993,0.29999999999999893,0
10.6,14.0,6.0,10.1,5.9,74.8,0.008,100.0,4.17,25.5,1020.9,7.0,11.2,122.3,10.4,6.0,41.0,24.2,28.55,2.05,1.0,0.0,0.0,1.0,0.0,0.0,6.7,-0.3000000000000007,0.5,1
12.6,16.4,9.2,12.6,11.6,93.6,10.487,100.0,41.67,25.9,1016.6,7.6,8.2,37.3,3.2,2.0,56.0,10.95,12.0,0.6,1.0,0.0,0.0,1.0,0.0,0.0,6.799999999999999,1.5,2.0,1
12.6,15.0,11.4,12.6,8.0,73.8,0.04,100.0,4.17,29.0,1019.7,4.2,11.0,114.3,9.9,6.0,64.5,8.600000000000001,10.75,0.4,1.0,0.0,0.0,1.0,0.0,0.0,3.5999999999999996,0.0,1.5,0
11.9,15.4,10.0,11.9,6.5,70.6,0.094,100.0,4.17,24.9,1024.2,3.8,12.0,139.7,12.1,6.0,55.0,14.8,19.45,1.35,1.0,0.0,0.0,1.0,0.0,0.0,5.4,-0.6999999999999993,-0.6999999999999993,1
11.8,13.8,8.1,11.7,7.5,75.4,0.05,100.0,4.17,20.3,1023.9,14.3,11.7,67.8,5.8,3.0,62.0,13.4,15.6,0.55,1.0,0.0,0.0,1.0,0.0,0.0,4.4,-0.09999999999999964,-0.7999999999999989,1
13.4,16.9,11.5,13.4,9.7,78.7,0.217,100.0,20.83,28.5,1020.5,13.2,11.0,70.2,6.0,3.0,68.0,9.95,12.0,0.55,1.0,0.0,0.0,1.0,0.0,0.0,5.399999999999999,1.5999999999999996,1.5,1
14.2,17.0,13.0,14.2,10.7,79.4,0.003,100.0,4.17,33.2,1017.7,10.8,12.1,58.9,5.1,3.0,59.0,12.95,16.65,0.8,1.0,0.0,0.0,1.0,0.0,0.0,4.0,0.7999999999999989,2.3999999999999986,0
14.1,18.6,8.9,14.1,8.5,70.4,0.0,0.0,0.0,13.8,1019.2,0.4,11.0,142.6,12.2,6.0,22.5,38.8,57.8,10.9,1.0,1.0,0.0,0.0,0.0,0.0,8.700000000000001,-0.09999999999999964,0.6999999999999993,1
12.6,15.8,10.5,12.6,8.7,77.4,0.001,100.0,4.17,20.1,1026.0,13.3,12.0,88.8,7.5,4.0,61.5,11.45,13.45,0.7,1.0,0.0,0.0,1.0,0.0,0.0,5.300000000000001,0.40000000000000036,-0.3000000000000007,1
14.0,15.0,12.7,14.0,13.1,94.2,13.981,100.0,75.0,32.3,1007.7,15.8,8.4,44.8,3.8,3.0,62.0,8.25,8.95,0.6,1.0,0.0,0.0,1.0,0.0,0.0,2.3000000000000007,1.4000000000000004,1.1999999999999993,0
10.5,13.8,6.9,9.4,4.5,67.3,0.672,100.0,20.83,23.1,1020.0,3.4,10.6,129.2,11.2,5.0,66.0,12.25,14.95,1.15,1.0,0.0,0.0,1.0,0.0,0.0,4.800000000000001,-1.0999999999999996,-3.5,0
10.2,14.4,5.4,9.4,2.7,61.4,0.0,0.0,0.0,21.5,1029.1,1.9,10.9,155.0,13.4,6.0,50.5,14.0,16.5,0.75,1.0,1.0,0.0,0.0,0.0,0.0,7.300000000000001,-0.3000000000000007,-1.4000000000000004,0
11.0,16.5,6.1,10.7,3.4,60.9,0.0,0.0,0.0,12.2,1029.0,6.2,10.5,163.0,14.2,6.0,21.5,45.8,66.45,10.95,1.0,1.0,0.0,0.0,0.0,0.0,9.6,1.5999999999999996,0.8000000000000007,1
12.0,16.7,8.2,11.9,6.5,70.1,0.0,0.0,0.0,15.7,1026.4,8.0,10.6,154.3,13.5,6.0,26.0,58.75,76.3,9.95,1.0,1.0,0.0,0.0,0.0,0.0,8.5,1.0,2.5999999999999996,0
12.5,16.4,8.9,12.4,8.4,77.1,0.0,0.0,0.0,16.2,1025.9,8.1,11.5,123.0,10.8,6.0,44.5,21.6,25.35,2.1,1.0,1.0,0.0,0.0,0.0,0.0,7.399999999999999,0.5,1.5,0
13.2,16.9,11.1,13.2,9.2,77.4,0.0,0.0,0.0,17.7,1024.0,7.3,11.1,96.3,8.3,4.0,57.5,17.15,21.45,0.8500000000000001,1.0,1.0,0.0,0.0,0.0,0.0,5.799999999999999,1.0,0.6999999999999993,1
12.1,16.7,7.3,11.8,6.9,71.9,0.006,100.0,8.33,15.2,1028.9,4.0,11.8,172.6,15.1,7.0,48.5,24.2,30.4,1.9,1.0,0.0,0.0,1.0,0.0,0.0,7.699999999999999,-2.0999999999999996,-1.0999999999999996,1
13.0,18.1,7.5,12.6,6.7,66.0,0.0,0.0,0.0,18.0,1028.7,1.5,11.7,174.9,15.3,7.0,36.0,33.1,39.8,5.199999999999999,1.0,1.0,0.0,0.0,0.0,0.0,8.600000000000001,0.9000000000000004,-1.1999999999999993,0
13.9,18.9,8.3,13.7,9.5,76.1,0.0,0.0,0.0,19.4,1024.8,1.3,10.8,178.1,15.4,7.0,55.5,22.95,25.4,2.5,1.0,1.0,0.0,0.0,0.0,0.0,9.399999999999999,0.40000000000000036,0.9000000000000004,0
13.7,17.5,8.0,13.6,8.5,72.0,0.0,0.0,0.0,15.6,1024.1,11.7,12.0,118.2,10.3,5.0,50.5,23.2,29.8,2.2,1.0,1.0,0.0,0.0,0.0,0.0,7.6,-0.20000000000000107,0.1999999999999993,1
14.2,18.0,11.9,14.2,7.5,64.6,0.0,0.0,0.0,17.6,1022.4,3.2,10.4,178.7,15.5,7.0,58.0,20.65,22.55,0.8,1.0,1.0,0.0,0.0,0.0,0.0,6.1,0.5,0.29999999999999893,0
12.7,17.0,7.8,12.6,10.1,84.8,3.676,100.0,12.5,11.0,1019.9,6.1,7.3,135.6,11.8,6.0,44.5,21.25,25.45,0.5,1.0,0.0,0.0,1.0,0.0,0.0,7.6,-1.5,-1.0,1
11.6,13.5,10.1,11.6,8.5,81.4,1.632,100.0,37.5,28.1,1017.3,13.5,10.6,49.0,4.4,3.0,68.5,17.200000000000003,19.0,0.6,1.0,0.0,0.0,1.0,0.0,0.0,3.4000000000000004,-1.0999999999999996,-2.5999999999999996,1
12.6,16.0,10.0,12.6,6.9,69.0,0.0,0.0,0.0,15.7,1020.4,6.2,11.9,180.5,15.7,7.0,49.0,27.6,34.8,1.15,1.0,1.0,0.0,0.0,0.0,0.0,6.0,1.0,-0.09999999999999964,0
12.2,17.4,7.4,11.9,6.6,69.3,0.0,0.0,0.0,13.0,1022.2,10.8,10.8,166.0,14.5,6.0,42.5,35.8,38.400000000000006,2.0,1.0,1.0,0.0,0.0,0.0,0.0,8.7,-0.40000000000000036,0.5999999999999996,0
13.6,18.1,8.2,13.4,10.0,79.9,0.0,0.0,0.0,19.0,1024.4,10.8,10.1,162.8,14.2,6.0,42.5,29.9,31.0,1.2000000000000002,1.0,1.0,0.0,0.0,0.0,0.0,8.600000000000001,1.4000000000000004,1.0,0
15.0,20.5,10.9,15.0,9.5,71.6,0.0,0.0,0.0,17.8,1027.4,11.3,10.5,172.0,15.0,7.0,58.0,19.55,20.65,0.55,1.0,1.0,0.0,0.0,0.0,0.0,9.6,1.4000000000000004,2.8000000000000007,0
15.3,20.8,11.3,15.3,8.0,64.7,0.0,0.0,0.0,13.8,1029.1,4.0,10.3,173.8,15.0,7.0,39.5,33.85,44.0,2.25,1.0,1.0,0.0,0.0,0.0,0.0,9.5,0.3000000000000007,1.700000000000001,1
16.3,21.5,10.9,16.3,7.1,55.2,0.0,0.0,0.0,17.9,1027.7,2.4,10.4,185.6,16.1,7.0,30.5,40.45,44.05,1.65,1.0,1.0,0.0,0.0,0.0,0.0,10.6,1.0,1.3000000000000007,0
14.1,18.5,10.9,14.1,8.0,67.8,0.0,0.0,0.0,18.5,1029.8,11.3,12.2,144.7,12.6,7.0,68.0,17.2,18.75,0.6499999999999999,1.0,1.0,0.0,0.0,0.0,0.0,7.6,-0.5,-1.0999999999999996,0
15.6,20.9,12.0,15.6,11.1,75.2,0.0,0.0,0.0,17.6,1027.4,5.9,11.0,131.8,11.1,5.0,57.0,9.8,11.6,0.75,1.0,1.0,0.0,0.0,0.0,0.0,8.899999999999999,1.1999999999999993,1.5,1
13.6,18.5,9.4,13.6,10.9,84.3,0.0,0.0,0.0,23.4,1024.9,5.5,10.0,182.8,15.6,6.0,54.5,10.55,10.8,0.4,1.0,1.0,0.0,0.0,0.0,0.0,8.6,-2.0,-0.8000000000000007,0
15.1,18.8,12.2,15.1,11.4,80.2,2.737,100.0,25.0,20.4,1022.1,12.5,10.6,128.3,10.9,5.0,64.5,7.85,9.2,0.45,1.0,0.0,0.0,1.0,0.0,0.0,6.600000000000001,1.5,-0.5,1
15.1,17.5,13.1,15.1,13.5,90.2,4.034,100.0,37.5,38.3,1015.0,7.6,9.1,94.6,8.2,3.0,61.0,3.1500000000000004,3.95,0.3,1.0,0.0,0.0,1.0,0.0,0.0,4.4,0.0,1.5,1
13.1,15.9,11.1,13.1,10.0,82.2,27.529,100.0,66.67,35.8,1010.8,12.3,11.0,172.5,15.0,7.0,75.0,7.35,9.05,0.95,1.0,0.0,0.0,1.0,0.0,0.0,4.800000000000001,-2.0,-2.0,0
11.9,15.4,8.3,11.8,9.0,83.5,14.149,100.0,41.67,30.2,1018.2,12.1,10.4,90.9,7.7,4.0,51.5,16.9,17.35,0.7,1.0,0.0,0.0,1.0,0.0,0.0,5.9,-1.1999999999999993,-3.1999999999999993,0
13.8,17.4,11.5,13.8,8.0,69.5,0.002,100.0,4.17,25.6,1024.7,11.5,12.0,191.8,16.7,8.0,61.5,15.75,16.75,0.8,1.0,0.0,0.0,1.0,0.0,0.0,5.899999999999999,1.9000000000000004,0.7000000000000011,0
14.9,20.0,10.4,14.9,9.2,70.4,0.0,0.0,0.0,18.9,1031.2,0.7,10.7,218.7,18.8,8.0,54.0,21.75,23.65,1.2,1.0,1.0,0.0,0.0,0.0,0.0,9.6,1.0999999999999996,3.0,0
16.3,22.5,12.5,16.3,9.6,66.6,0.0,0.0,0.0,16.8,1029.5,0.5,11.7,225.8,19.7,8.0,50.0,27.2,35.6,2.35,1.0,1.0,0.0,0.0,0.0,0.0,10.0,0.8000000000000007,1.4000000000000004,0
14.2,19.5,8.7,14.1,8.8,71.2,0.0,0.0,0.0,22.0,1028.7,4.3,11.3,197.9,17.0,8.0,40.5,20.7,22.9,1.15,1.0,1.0,0.0,0.0,0.0,0.0,10.0,-2.1000000000000014,-1.3000000000000007,0
12.8,15.4,10.1,12.8,5.4,62.0,0.001,100.0,4.17,44.6,1030.6,6.9,11.5,244.8,21.2,9.0,0.0,10.65,12.9,0.7,1.0,0.0,0.0,1.0,0.0,0.0,5.300000000000001,-1.3999999999999986,-3.5,0
14.5,19.7,10.4,14.5,4.2,52.1,0.0,0.0,0.0,21.4,1029.2,1.2,12.4,229.8,19.9,8.0,0.0,18.200000000000003,23.7,1.9,1.0,1.0,0.0,0.0,0.0,0.0,9.299999999999999,1.6999999999999993,0.3000000000000007,1
15.9,23.4,11.5,15.9,8.6,62.9,0.0,0.0,0.0,20.6,1021.3,0.8,10.5,223.2,19.3,8.0,57.0,42.400000000000006,50.95,1.5,1.0,1.0,0.0,0.0,0.0,0.0,11.899999999999999,0.0,1.4000000000000004,0
13.4,17.0,10.4,13.4,8.5,72.6,0.0,0.0,0.0,22.1,1023.2,5.7,10.9,165.4,14.2,8.0,72.0,9.55,10.3,0.4,1.0,1.0,0.0,0.0,0.0,0.0,6.6,-2.5,-2.5,0
14.3,19.7,10.4,14.3,6.2,59.6,0.0,0.0,0.0,27.1,1023.2,5.6,12.3,241.2,20.7,8.0,0.0,14.25,15.6,1.05,1.0,1.0,0.0,0.0,0.0,0.0,9.299999999999999,0.9000000000000004,-1.5999999999999996,0
15.9,19.6,11.9,15.9,3.4,44.2,0.0,0.0,0.0,22.5,1025.0,0.4,12.5,250.4,21.6,8.0,71.0,13.35,14.9,0.6499999999999999,1.0,1.0,0.0,0.0,0.0,0.0,7.700000000000001,0.20000000000000107,1.5999999999999996,0
14.8,19.2,10.8,14.8,5.5,54.0,0.0,0.0,0.0,15.5,1024.7,5.8,11.9,254.1,21.7,8.0,63.5,27.5,28.7,0.6499999999999999,1.0,1.0,0.0,0.0,0.0,0.0,8.399999999999999,-1.0999999999999996,-0.8999999999999986,1
19.0,24.9,13.2,19.0,5.5,44.7,0.0,0.0,0.0,28.4,1017.0,2.0,11.9,251.5,21.7,8.0,54.0,34.9,37.4,0.8,4.0,1.0,0.0,0.0,0.0,0.0,11.7,1.6000000000000014,1.1999999999999993,1
19.2,23.5,14.6,19.2,2.5,33.1,0.0,0.0,0.0,34.7,1012.8,9.1,11.9,253.6,21.9,8.0,80.0,14.55,16.45,0.75,4.0,1.0,0.0,0.0,0.0,0.0,8.9,0.1999999999999993,1.8000000000000007,0
17.1,22.2,11.3,17.1,6.3,52.9,0.0,0.0,0.0,17.7,1022.1,0.5,11.6,256.4,22.2,8.0,72.0,22.6,24.1,0.8500000000000001,4.0,1.0,0.0,0.0,0.0,0.0,10.899999999999999,-1.1999999999999993,-2.099999999999998,0
16.3,22.1,10.9,16.3,5.5,51.0,0.0,0.0,0.0,16.8,1020.1,4.1,12.0,258.6,22.4,9.0,72.5,25.700000000000003,26.0,0.8500000000000001,4.0,1.0,0.0,0.0,0.0,0.0,11.200000000000001,-0.8000000000000007,-2.0,1
15.7,21.6,11.8,15.7,5.7,52.9,0.0,0.0,0.0,17.8,1016.4,4.0,10.4,255.0,22.1,9.0,62.5,37.9,44.650000000000006,0.75,4.0,1.0,0.0,0.0,0.0,0.0,9.8,-0.6000000000000014,-1.4000000000000021,0
16.0,20.6,13.9,16.0,11.0,73.4,0.101,100.0,29.17,12.6,1013.1,9.7,11.7,243.4,21.2,8.0,64.0,24.1,27.75,1.0,4.0,0.0,0.0,1.0,0.0,0.0,6.700000000000001,-0.8999999999999986,0.3000000000000007,1
15.0,20.4,11.5,15.0,10.4,74.8,0.0,0.0,0.0,22.9,1016.9,10.2,10.7,169.5,14.8,6.0,77.5,15.15,15.95,0.75,4.0,1.0,0.0,0.0,0.0,0.0,8.899999999999999,-1.0,-1.8999999999999986,1
12.7,14.8,10.9,12.7,5.9,64.3,0.0,0.0,0.0,31.4,1013.2,13.3,12.5,150.7,13.2,6.0,80.0,13.15,14.75,0.7,4.0,1.0,0.0,0.0,0.0,0.0,3.9000000000000004,-2.3000000000000007,-3.3000000000000007,1
11.9,16.0,7.6,11.7,5.1,64.8,0.379,100.0,20.83,20.8,1007.7,8.7,12.0,176.7,15.4,8.0,79.5,8.85,10.4,0.55,4.0,0.0,0.0,1.0,0.0,0.0,7.1,-0.7999999999999989,-3.0999999999999996,0
10.6,13.5,3.8,10.0,7.0,78.9,29.016,100.0,75.0,26.7,1004.0,9.8,11.6,201.4,17.3,7.0,79.0,11.45,13.0,0.7,2.0,0.0,0.0,1.0,0.0,0.0,7.3,-1.3000000000000007,-2.0999999999999996,0
13.6,16.2,11.1,13.6,11.4,86.8,7.057,100.0,41.67,23.7,1013.1,7.5,8.9,118.8,10.3,5.0,76.0,6.800000000000001,7.55,0.3,2.0,0.0,0.0,1.0,0.0,0.0,5.1,1.799999999999999,3.0,0
13.8,18.3,11.6,13.8,9.1,74.1,0.914,100.0,33.33,24.8,1018.3,9.1,10.9,223.7,19.3,8.0,85.0,10.15,11.45,0.55,2.0,0.0,0.0,1.0,0.0,0.0,6.700000000000001,0.0,0.20000000000000107,0
13.7,17.0,11.2,13.7,10.0,78.9,2.659,100.0,37.5,24.4,1020.7,11.1,11.7,184.7,15.9,7.0,78.0,9.6,10.85,0.55,2.0,0.0,0.0,1.0,0.0,0.0,5.800000000000001,-0.10000000000000142,-0.10000000000000142,0
14.2,18.4,11.0,14.2,8.3,69.6,0.0,0.0,0.0,24.3,1021.3,11.7,12.1,262.1,22.7,9.0,77.0,14.1,16.0,0.8500000000000001,2.0,1.0,0.0,0.0,0.0,0.0,7.399999999999999,0.5,0.3999999999999986,0
15.9,19.0,13.6,15.9,12.5,80.8,0.115,100.0,8.33,18.8,1020.3,6.8,11.0,122.7,10.9,4.0,60.0,7.65,8.65,0.4,4.0,0.0,0.0,1.0,0.0,0.0,5.4,0.8000000000000007,1.700000000000001,0
17.3,21.4,15.5,17.3,15.6,90.1,0.869,100.0,29.17,14.6,1017.5,7.8,6.7,132.8,11.4,5.0,39.5,5.7,6.9,0.55,4.0,0.0,0.0,1.0,0.0,0.0,5.899999999999999,1.4000000000000004,2.200000000000001,1
14.7,21.3,10.9,14.7,9.6,73.7,0.0,0.0,0.0,22.2,1015.8,10.5,11.4,262.7,22.6,8.0,85.0,13.75,16.9,0.6,4.0,1.0,0.0,0.0,0.0,0.0,10.4,-1.1000000000000014,-2.6000000000000014,1
14.0,17.5,11.9,14.0,11.4,84.4,5.948,100.0,16.67,14.8,1015.4,5.6,10.8,126.6,11.0,5.0,64.0,13.85,14.65,0.7,3.0,0.0,0.0,1.0,0.0,0.0,5.6,-1.0,-0.3000000000000007,0
16.4,21.4,11.2,16.4,11.3,73.3,2.881,100.0,12.5,23.4,1004.3,13.2,9.4,217.1,18.6,8.0,110.0,8.5,8.85,0.3,3.0,0.0,0.0,1.0,0.0,0.0,10.2,-1.9000000000000021,-1.7000000000000028,1
11.6,15.9,5.8,11.2,6.7,73.3,4.736,100.0,41.67,27.8,1002.9,11.5,12.1,216.3,18.6,10.0,89.0,6.9,8.15,0.4,3.0,0.0,0.0,1.0,0.0,0.0,7.200000000000001,-4.799999999999999,-6.700000000000001,0
14.0,18.3,10.6,14.0,8.1,68.7,1.598,100.0,37.5,29.7,1015.8,5.6,10.8,259.0,22.3,9.0,81.0,5.1,5.6,0.4,3.0,0.0,0.0,1.0,0.0,0.0,7.700000000000001,-0.5,2.4000000000000004,1
16.9,23.6,11.5,16.9,8.4,59.0,0.0,0.0,0.0,21.5,1025.4,0.4,11.1,304.0,26.2,9.0,78.5,11.75,13.2,0.75,3.0,1.0,0.0,0.0,0.0,0.0,12.100000000000001,2.1999999999999993,2.8999999999999986,0
19.8,25.1,14.9,19.8,9.1,51.1,0.0,0.0,0.0,23.2,1017.2,0.6,10.3,312.3,27.1,9.0,68.5,17.950000000000003,18.75,1.25,3.0,1.0,0.0,0.0,0.0,0.0,10.200000000000001,-1.0,2.900000000000002,1
17.4,23.0,13.5,17.4,11.1,67.9,0.0,0.0,0.0,27.6,1012.9,1.6,10.6,298.5,25.6,9.0,69.5,9.85,12.3,1.05,3.0,1.0,0.0,0.0,0.0,0.0,9.5,0.09999999999999787,-2.400000000000002,0
18.1,22.6,13.6,18.1,10.9,63.2,0.0,0.0,0.0,17.5,1016.3,1.3,10.4,306.3,26.4,9.0,86.5,12.6,13.75,1.3,4.0,1.0,0.0,0.0,0.0,0.0,9.000000000000002,-2.299999999999997,-4.099999999999998,0
16.7,20.8,14.1,16.7,10.5,67.6,0.0,0.0,0.0,17.5,1020.1,13.7,12.2,206.9,17.7,8.0,84.5,6.85,7.550000000000001,0.45,4.0,1.0,0.0,0.0,0.0,0.0,6.700000000000001,-1.4000000000000021,-3.6999999999999993,1
16.1,17.6,14.6,16.1,15.3,95.4,11.46,100.0,70.83,59.0,1016.3,15.6,7.4,158.5,13.5,6.0,50.5,12.3,14.7,0.7,4.0,0.0,0.0,1.0,0.0,0.0,3.0000000000000018,-0.5999999999999979,-0.5999999999999979,1
16.6,19.5,14.6,16.6,15.9,96.1,2.116,100.0,37.5,31.4,1016.0,16.0,7.2,137.2,11.8,5.0,42.5,8.25,9.9,0.6499999999999999,4.0,0.0,0.0,1.0,0.0,0.0,4.9,0.5,-0.09999999999999787,0
17.7,20.5,15.0,17.7,15.1,85.7,0.485,100.0,25.0,17.8,1017.6,12.8,10.3,218.3,19.2,9.0,45.0,8.8,11.75,0.8500000000000001,4.0,0.0,0.0,1.0,0.0,0.0,5.5,1.0999999999999979,1.5999999999999979,0
26.1,31.4,19.9,25.3,9.2,36.8,0.0,0.0,0.0,23.6,1017.7,0.4,11.2,326.6,27.9,9.0,76.5,10.65,11.85,0.5,4.0,1.0,0.0,0.0,0.0,0.0,13.200000000000003,6.100000000000001,8.400000000000002,1
27.5,31.5,21.8,26.6,4.5,24.1,0.0,0.0,0.0,22.1,1015.2,0.0,12.3,335.4,28.8,10.0,103.0,17.4,18.25,0.75,4.0,1.0,0.0,0.0,0.0,0.0,12.2,1.3999999999999986,7.5,1
25.3,29.6,20.3,25.0,10.2,39.5,0.0,0.0,0.0,19.6,1013.7,2.5,11.8,328.6,28.3,9.0,99.0,17.1,18.35,0.8500000000000001,4.0,1.0,0.0,0.0,0.0,0.0,10.599999999999998,-2.1999999999999993,-0.8000000000000007,1
23.0,29.1,17.6,22.8,10.8,47.9,0.0,0.0,0.0,25.2,1013.2,4.7,12.0,326.4,28.1,9.0,76.5,22.2,24.15,1.4500000000000002,4.0,1.0,0.0,0.0,0.0,0.0,12.7,-2.3000000000000007,-4.5,1
16.9,21.4,14.6,16.9,10.8,68.1,0.0,0.0,0.0,27.7,1014.8,11.9,11.8,197.3,17.1,7.0,80.0,8.75,10.65,0.8500000000000001,4.0,1.0,0.0,0.0,0.0,0.0,6.799999999999999,-6.100000000000001,-8.400000000000002,0
15.8,19.5,13.4,15.8,7.8,59.6,0.0,0.0,0.0,27.0,1017.8,13.1,11.8,244.3,21.0,10.0,72.5,10.3,11.9,0.7,4.0,1.0,0.0,0.0,0.0,0.0,6.1,-1.0999999999999979,-7.199999999999999,1
15.8,18.8,13.0,15.8,8.1,60.7,0.0,0.0,0.0,24.5,1017.1,4.5,11.0,166.6,14.2,5.0,78.0,7.15,7.6,0.55,4.0,1.0,0.0,0.0,0.0,0.0,5.800000000000001,0.0,-1.0999999999999979,1
17.4,21.5,14.4,17.4,10.2,63.3,0.0,0.0,0.0,21.0,1015.3,3.8,11.0,282.1,24.4,9.0,66.0,7.800000000000001,8.5,0.6,4.0,1.0,0.0,0.0,0.0,0.0,7.1,1.5999999999999979,1.5999999999999979,1
17.1,22.7,13.0,17.1,10.7,67.1,0.0,0.0,0.0,20.5,1015.4,10.4,12.3,255.5,22.0,8.0,68.5,7.25,8.75,0.8500000000000001,4.0,1.0,0.0,0.0,0.0,0.0,9.7,-0.29999999999999716,1.3000000000000007,1
18.8,23.0,15.6,18.8,12.9,70.0,0.001,100.0,4.17,19.1,1016.3,8.4,11.9,309.3,26.7,10.0,53.5,7.75,9.0,0.95,4.0,0.0,0.0,1.0,0.0,0.0,7.4,1.6999999999999993,1.4000000000000021,1
19.6,26.3,14.1,19.6,12.9,66.6,0.0,0.0,0.0,23.3,1017.4,4.4,11.5,330.4,28.6,9.0,56.0,11.5,13.25,1.3,4.0,1.0,0.0,0.0,0.0,0.0,12.200000000000001,0.8000000000000007,2.5,0
18.8,24.9,14.6,18.8,12.5,68.2,0.0,0.0,0.0,24.6,1019.3,10.9,12.0,292.0,25.2,9.0,56.0,8.05,9.4,1.35,4.0,1.0,0.0,0.0,0.0,0.0,10.299999999999999,-0.8000000000000007,0.0,0
21.7,27.0,16.9,21.6,9.3,47.8,0.0,0.0,0.0,29.9,1017.3,2.0,11.1,330.4,28.4,9.0,81.5,10.7,12.1,0.6499999999999999,4.0,1.0,0.0,0.0,0.0,0.0,11.100000000000001,3.0,2.8999999999999986,0
23.4,29.2,18.9,23.2,11.6,49.0,0.0,0.0,0.0,29.3,1017.5,0.0,11.1,333.5,28.9,9.0,72.5,11.4,13.0,1.0,4.0,1.0,0.0,0.0,0.0,0.0,11.600000000000001,1.6999999999999993,4.699999999999999,0
19.7,24.6,16.1,19.7,13.0,66.2,0.0,0.0,0.0,28.3,1015.9,5.0,12.3,329.0,28.6,9.0,52.5,7.85,11.25,1.95,4.0,1.0,0.0,0.0,0.0,0.0,8.5,-3.6999999999999993,-2.0,0
21.5,28.1,15.6,21.4,10.8,53.4,0.0,0.0,0.0,26.2,1014.8,2.5,12.2,334.5,29.0,9.0,77.5,10.8,13.4,1.15,4.0,1.0,0.0,0.0,0.0,0.0,13.299999999999999,1.8000000000000007,-1.8999999999999986,1
25.8,29.6,20.8,25.1,8.2,34.2,0.0,0.0,0.0,28.6,1017.2,0.0,12.4,338.7,29.2,9.0,85.0,13.95,15.6,0.95,4.0,1.0,0.0,0.0,0.0,0.0,10.8,4.300000000000001,6.100000000000001,1
28.3,31.5,23.0,27.3,7.4,27.8,0.0,0.0,0.0,21.9,1018.5,0.4,12.3,337.6,29.2,9.0,79.5,15.2,15.65,0.8500000000000001,4.0,1.0,0.0,0.0,0.0,0.0,10.700000000000003,2.5,6.800000000000001,0
26.4,31.2,19.2,25.9,10.6,39.3,0.0,0.0,0.0,20.1,1018.1,1.9,12.2,333.7,28.9,9.0,93.5,26.1,28.65,1.25,4.0,1.0,0.0,0.0,0.0,0.0,14.000000000000004,-1.9000000000000021,0.5999999999999979,0
26.8,31.1,21.7,26.1,7.2,29.7,0.0,0.0,0.0,20.1,1016.8,2.1,11.3,322.6,27.9,9.0,75.5,15.4,17.799999999999997,0.4,4.0,1.0,0.0,0.0,0.0,0.0,11.400000000000002,0.0,0.40000000000000213,0
21.1,26.5,16.4,21.1,13.9,64.4,0.0,0.0,0.0,19.1,1017.1,4.2,11.8,330.0,28.7,9.0,49.5,9.35,10.4,1.0,4.0,1.0,0.0,0.0,0.0,0.0,10.100000000000001,-5.699999999999999,-5.699999999999999,0
18.7,22.9,16.0,18.7,13.5,73.0,1.855,100.0,12.5,22.8,1015.3,8.4,11.3,197.7,17.0,8.0,58.0,8.55,9.9,1.0,4.0,0.0,0.0,1.0,0.0,0.0,6.899999999999999,-2.400000000000002,-8.100000000000001,0
17.3,21.9,14.1,17.3,8.6,58.7,0.0,0.0,0.0,22.0,1018.0,7.5,12.3,299.1,25.9,10.0,64.0,7.2,9.35,0.7,4.0,1.0,0.0,0.0,0.0,0.0,7.799999999999999,-1.3999999999999986,-3.8000000000000007,0
16.1,20.5,13.1,16.1,11.8,77.0,4.127,100.0,20.83,35.6,1014.3,6.8,10.7,168.9,14.6,6.0,52.0,10.1,10.95,0.6,4.0,0.0,0.0,1.0,0.0,0.0,7.4,-1.1999999999999993,-2.599999999999998,1
16.6,20.5,12.2,16.6,8.4,60.9,0.013,100.0,8.33,21.9,1019.2,7.8,12.0,275.2,23.8,9.0,67.5,9.55,10.3,0.9,3.0,0.0,0.0,1.0,0.0,0.0,8.3,0.5,-0.6999999999999993,0
17.6,23.3,12.6,17.6,11.0,66.2,0.0,0.0,0.0,19.9,1020.9,3.2,11.1,328.7,28.2,10.0,72.0,4.6,5.1,0.6,3.0,1.0,0.0,0.0,0.0,0.0,10.700000000000001,0.6000000000000014,1.0,0
17.9,22.5,15.0,17.9,9.9,61.9,0.0,0.0,0.0,31.9,1016.1,4.1,12.5,329.1,28.7,9.0,80.5,9.2,11.4,1.15,3.0,1.0,0.0,0.0,0.0,0.0,7.5,-0.20000000000000284,0.29999999999999716,0
17.6,22.5,13.1,17.6,10.8,66.0,0.001,100.0,4.17,20.1,1020.9,4.1,11.2,267.3,23.2,7.0,75.0,11.3,12.5,0.55,3.0,0.0,0.0,1.0,0.0,0.0,9.4,1.1000000000000014,0.8000000000000007,0
18.2,24.0,14.1,18.2,9.8,59.5,0.0,0.0,0.0,23.2,1018.7,3.2,11.2,325.5,28.2,9.0,79.5,6.25,7.25,0.4,3.0,1.0,0.0,0.0,0.0,0.0,9.9,0.5999999999999979,1.6999999999999993,1
17.3,22.2,13.0,17.3,11.3,69.2,0.0,0.0,0.0,23.9,1016.5,4.2,11.7,270.1,23.5,8.0,63.0,7.8,8.65,0.6,3.0,1.0,0.0,0.0,0.0,0.0,9.2,-0.8999999999999986,-0.3000000000000007,0
20.0,23.4,17.6,20.0,16.3,80.7,0.327,100.0,29.17,21.3,1016.0,10.4,11.5,172.6,14.9,5.0,51.0,5.35,7.15,0.7,3.0,0.0,0.0,1.0,0.0,0.0,5.799999999999997,1.0,2.6999999999999993,0
18.4,22.5,15.2,18.4,12.9,71.6,0.0,0.0,0.0,21.9,1017.3,5.0,11.1,175.3,15.3,7.0,64.0,6.300000000000001,6.75,0.6499999999999999,3.0,1.0,0.0,0.0,0.0,0.0,7.300000000000001,-1.6000000000000014,-0.6000000000000014,0
19.3,24.4,15.0,19.3,10.9,60.3,0.0,0.0,0.0,23.6,1018.0,8.7,12.2,337.2,29.2,9.0,58.5,8.6,11.4,1.45,2.0,1.0,0.0,0.0,0.0,0.0,9.399999999999999,0.9000000000000021,-0.6999999999999993,0
19.0,21.8,17.1,19.0,14.7,76.5,1.307,100.0,16.67,11.9,1014.6,2.8,10.5,128.6,11.2,5.0,29.0,18.5,23.700000000000003,2.45,2.0,0.0,0.0,1.0,0.0,0.0,4.699999999999999,0.0,-0.10000000000000142,0
20.6,27.3,17.6,20.6,14.5,68.9,0.018,100.0,12.5,15.8,1015.2,2.4,10.5,174.6,15.0,5.0,38.0,20.5,23.15,1.65,2.0,0.0,0.0,1.0,0.0,0.0,9.299999999999997,1.6000000000000014,1.6000000000000014,0
19.9,24.1,15.5,19.9,15.0,75.2,0.0,0.0,0.0,22.1,1017.7,2.8,10.5,223.2,19.4,6.0,50.0,13.25,14.1,0.9,2.0,1.0,0.0,0.0,0.0,0.0,8.600000000000001,0.09999999999999787,-0.7000000000000028,1
21.6,28.2,16.9,21.6,13.8,63.1,0.0,0.0,0.0,24.5,1016.4,1.0,10.5,326.9,28.3,9.0,58.0,11.4,12.2,1.35,1.0,1.0,0.0,0.0,0.0,0.0,11.100000000000001,1.7000000000000028,1.8000000000000007,0
21.8,27.6,17.6,21.9,14.5,64.2,0.0,0.0,0.0,24.9,1015.5,1.4,10.5,332.0,28.5,9.0,68.5,7.9,10.1,1.0,1.0,1.0,0.0,0.0,0.0,0.0,9.399999999999999,0.1999999999999993,1.9000000000000021,0
20.6,24.7,17.6,20.6,14.2,67.7,0.0,0.0,0.0,24.6,1018.3,2.7,11.1,302.6,26.1,9.0,62.0,5.45,6.65,0.75,1.0,1.0,0.0,0.0,0.0,0.0,7.099999999999998,-1.1999999999999993,-1.0,0
20.0,23.6,17.5,20.0,14.1,69.4,0.0,0.0,0.0,26.4,1019.6,9.5,12.2,229.8,19.9,10.0,65.5,6.65,7.85,1.15,1.0,1.0,0.0,0.0,0.0,0.0,6.100000000000001,-0.6000000000000014,-1.8000000000000007,0
19.9,24.4,17.0,19.9,15.4,76.1,0.0,0.0,0.0,18.3,1013.7,8.0,11.0,199.9,17.3,6.0,59.0,7.15,7.9,0.9,1.0,1.0,0.0,0.0,0.0,0.0,7.399999999999999,-0.20000000000000284,-0.10000000000000142,0
19.4,22.5,17.0,19.4,16.0,81.7,0.0,0.0,0.0,22.8,1015.1,7.4,11.7,190.1,16.3,6.0,62.5,5.15,5.949999999999999,0.6,1.0,1.0,0.0,0.0,0.0,0.0,5.5,-0.5,-0.7000000000000028,0
24.8,34.9,19.0,25.1,16.9,64.0,0.0,0.0,0.0,23.6,1013.1,2.4,10.8,320.3,27.8,9.0,80.0,22.85,25.6,1.5499999999999998,1.0,1.0,0.0,0.0,0.0,0.0,14.0,2.6999999999999993,4.400000000000002,0
21.5,25.1,18.6,21.5,17.8,80.8,0.001,100.0,4.17,25.3,1015.7,5.6,10.0,209.1,17.9,7.0,57.5,6.300000000000001,7.25,0.4,1.0,0.0,0.0,1.0,0.0,0.0,6.5,-1.6000000000000014,-7.100000000000001,0
21.5,25.1,19.2,21.5,16.8,75.2,0.0,0.0,0.0,23.1,1015.7,6.9,10.4,278.8,24.0,9.0,75.5,5.0,5.35,0.3,1.0,1.0,0.0,0.0,0.0,0.0,5.900000000000002,0.0,-1.6000000000000014,0
21.1,24.4,18.5,21.1,16.5,75.7,0.015,100.0,4.17,26.0,1015.3,9.8,10.6,270.5,23.3,9.0,80.0,7.95,10.2,0.7,1.0,0.0,0.0,1.0,0.0,0.0,5.899999999999999,-0.3999999999999986,-0.3999999999999986,1
20.0,24.5,18.5,20.0,16.0,77.9,0.0,0.0,0.0,22.9,1015.2,9.6,10.4,125.1,10.8,5.0,75.0,7.6,8.649999999999999,0.5,1.0,1.0,0.0,0.0,0.0,0.0,6.0,-1.1000000000000014,-1.5,0
22.2,28.4,18.1,22.3,16.0,69.4,0.0,0.0,0.0,26.2,1013.8,2.5,10.8,304.8,26.4,9.0,38.0,10.4,15.15,2.55,1.0,1.0,0.0,0.0,0.0,0.0,9.799999999999997,0.3000000000000007,2.6999999999999993,0
22.3,30.0,18.1,22.5,16.4,70.3,0.0,0.0,0.0,26.8,1015.9,1.7,11.1,315.4,27.2,9.0,37.5,5.7,8.8,1.6,1.0,1.0,0.0,0.0,0.0,0.0,11.399999999999999,0.10000000000000142,0.40000000000000213,0
23.6,32.8,18.1,23.8,16.6,66.4,0.0,0.0,0.0,25.4,1016.8,1.1,11.6,308.1,26.4,9.0,60.0,15.1,17.25,1.1,1.0,1.0,0.0,0.0,0.0,0.0,13.899999999999999,0.8000000000000007,1.3000000000000007,0
20.5,24.9,18.1,20.5,17.2,82.4,1.179,100.0,25.0,19.2,1013.5,4.0,9.7,195.4,16.7,8.0,36.5,5.5,7.5,0.6499999999999999,1.0,0.0,0.0,1.0,0.0,0.0,6.799999999999997,-0.6999999999999993,-2.1000000000000014,0
21.9,27.5,18.1,21.9,15.5,68.6,0.0,0.0,0.0,21.6,1012.7,2.3,10.9,314.5,27.3,9.0,50.5,5.25,6.7,0.6,1.0,1.0,0.0,0.0,0.0,0.0,8.899999999999999,1.3999999999999986,0.6999999999999993,0
21.2,25.5,18.1,21.2,14.3,66.3,0.0,0.0,0.0,30.2,1015.9,6.9,11.7,301.2,26.1,9.0,54.5,7.6,9.6,1.2,1.0,1.0,0.0,0.0,0.0,0.0,7.399999999999999,-0.6999999999999993,0.6999999999999993,1
20.1,24.6,16.6,20.1,11.3,59.2,0.0,0.0,0.0,31.6,1018.1,2.4,12.4,319.1,27.6,9.0,62.0,8.05,10.6,1.1,1.0,1.0,0.0,0.0,0.0,0.0,8.0,-1.0999999999999979,-1.7999999999999972,0
21.5,27.0,17.1,21.4,12.3,57.5,0.0,0.0,0.0,25.8,1014.1,5.6,12.2,282.0,24.5,9.0,62.0,12.6,15.3,1.5499999999999998,1.0,1.0,0.0,0.0,0.0,0.0,10.399999999999999,1.3999999999999986,0.3000000000000007,0
21.4,27.2,17.7,21.4,14.8,67.8,0.0,0.0,0.0,24.5,1016.5,4.5,12.1,305.0,26.4,9.0,51.0,9.7,11.2,1.25,1.0,1.0,0.0,0.0,0.0,0.0,9.400000000000002,-0.3000000000000007,-0.10000000000000142,0
20.5,26.2,16.6,20.5,11.7,59.8,0.0,0.0,0.0,33.0,1020.4,5.0,12.0,286.5,24.8,9.0,66.0,6.9,8.8,1.15,1.0,1.0,0.0,0.0,0.0,0.0,9.599999999999998,0.1999999999999993,-0.8000000000000007,0
21.4,27.1,17.5,21.4,12.0,57.2,0.0,0.0,0.0,27.4,1019.2,5.0,12.1,297.9,25.8,9.0,72.0,9.5,10.75,1.1,1.0,1.0,0.0,0.0,0.0,0.0,10.100000000000001,0.8999999999999986,1.0999999999999979,0
23.1,29.3,17.6,23.0,13.8,58.2,0.0,0.0,0.0,27.6,1019.4,1.0,12.4,287.1,24.8,9.0,55.0,8.6,11.0,1.2000000000000002,1.0,1.0,0.0,0.0,0.0,0.0,12.399999999999999,1.7000000000000028,2.6000000000000014,0
23.2,29.1,19.0,23.3,16.1,66.3,0.0,0.0,0.0,26.6,1017.9,1.1,12.5,158.9,13.6,6.0,42.5,8.1,10.95,1.65,1.0,1.0,0.0,0.0,0.0,0.0,10.100000000000001,-1.4000000000000021,0.09999999999999787,0
27.3,34.3,22.1,27.2,14.0,45.2,0.0,0.0,0.0,23.2,1015.1,0.8,11.5,266.8,23.0,8.0,80.0,20.0,22.65,0.6499999999999999,1.0,1.0,0.0,0.0,0.0,0.0,12.199999999999996,1.1000000000000014,2.6000000000000014,0
20.8,26.1,17.2,20.8,14.5,68.0,0.005,100.0,4.17,21.5,1015.1,4.3,11.1,223.8,19.4,8.0,64.0,7.6,8.25,0.45,1.0,0.0,0.0,1.0,0.0,0.0,8.900000000000002,-4.800000000000001,-6.5,0
21.8,27.9,18.0,21.9,15.8,69.8,0.02,100.0,4.17,21.6,1013.5,4.9,11.4,200.0,17.1,8.0,67.0,13.3,14.85,0.65,1.0,0.0,0.0,1.0,0.0,0.0,9.3,1.0,-3.8000000000000007,0
23.6,30.7,18.0,23.4,13.9,57.1,0.0,0.0,0.0,19.7,1017.9,0.0,12.1,261.9,22.7,8.0,45.0,19.8,22.2,0.95,1.0,1.0,0.0,0.0,0.0,0.0,14.0,0.9000000000000021,1.8000000000000007,0
22.3,29.1,18.0,22.3,15.0,64.8,0.0,0.0,0.0,22.0,1016.4,0.6,10.5,260.1,22.4,8.0,64.0,10.1,11.75,0.6,1.0,1.0,0.0,0.0,0.0,0.0,11.0,-1.3000000000000007,-0.3999999999999986,0
22.5,28.9,18.1,22.5,14.8,64.1,0.0,0.0,0.0,23.2,1014.7,1.1,11.1,260.0,22.4,8.0,59.5,8.3,10.45,0.75,1.0,1.0,0.0,0.0,0.0,0.0,11.299999999999997,0.1999999999999993,-1.1000000000000014,0
23.4,30.6,17.0,23.3,14.4,60.1,0.0,0.0,0.0,19.3,1014.5,0.1,11.7,261.1,22.6,8.0,35.5,35.3,39.6,4.15,1.0,1.0,0.0,0.0,0.0,0.0,13.600000000000001,0.8999999999999986,1.0999999999999979,1
27.2,35.6,21.3,26.9,13.3,43.9,0.0,0.0,0.0,23.2,1017.2,0.4,11.9,252.4,21.8,8.0,62.5,31.1,32.05,1.15,1.0,1.0,0.0,0.0,0.0,0.0,13.7,1.0999999999999979,3.8000000000000007,0
24.1,29.3,19.3,24.1,13.9,53.7,0.0,0.0,0.0,22.7,1015.7,1.4,11.0,243.3,21.0,8.0,68.5,29.5,32.2,0.9,2.0,1.0,0.0,0.0,0.0,0.0,9.899999999999999,-1.1999999999999993,-2.599999999999998,1
26.1,30.2,21.5,25.7,10.1,37.1,0.0,0.0,0.0,28.6,1021.6,0.0,12.2,239.7,20.7,8.0,86.5,0.0,0.0,0.0,2.0,1.0,0.0,0.0,0.0,0.0,10.2,4.5,7.300000000000001,0
27.0,29.8,22.9,26.6,11.0,37.8,0.0,0.0,0.0,25.3,1020.0,4.5,11.7,216.8,18.8,7.0,85.0,0.0,0.0,0.0,1.0,1.0,0.0,0.0,0.0,0.0,8.700000000000003,0.8999999999999986,5.399999999999999,0
25.4,29.6,21.0,25.3,13.5,48.6,0.0,0.0,0.0,19.7,1018.1,0.3,11.0,224.2,19.2,8.0,89.5,0.0,0.0,0.0,1.0,1.0,0.0,0.0,0.0,0.0,9.5,-1.6000000000000014,-0.7000000000000028,0
20.2,24.1,16.7,20.2,16.1,77.8,0.0,0.0,0.0,21.0,1017.7,4.1,10.9,212.3,18.4,7.0,62.5,0.0,0.0,0.0,1.0,1.0,0.0,0.0,0.0,0.0,7.400000000000002,-3.900000000000002,-5.199999999999999,0
20.8,26.1,17.2,20.8,15.8,74.7,0.0,0.0,0.0,17.6,1015.7,1.8,11.3,190.7,16.5,7.0,62.0,0.0,0.0,0.0,1.0,1.0,0.0,0.0,0.0,0.0,8.900000000000002,0.6000000000000014,-3.3000000000000007,0
19.9,23.4,18.1,19.9,16.6,82.0,0.173,100.0,16.67,19.1,1013.9,6.8,11.0,123.0,10.4,4.0,56.5,0.0,0.0,0.0,1.0,0.0,0.0,1.0,0.0,0.0,5.299999999999997,-0.3000000000000007,-0.5,0
19.7,22.5,16.7,19.7,18.7,93.7,15.916,100.0,58.33,32.2,1010.8,3.6,9.5,71.6,6.1,3.0,43.5,0.0,0.0,0.0,1.0,0.0,0.0,1.0,0.0,0.0,5.800000000000001,-0.1999999999999993,-0.5,0
19.0,23.5,15.6,19.0,15.4,80.5,0.043,100.0,4.17,23.3,1021.1,4.4,11.3,206.9,17.9,7.0,18.5,0.0,0.0,0.0,1.0,0.0,0.0,1.0,0.0,0.0,7.9,0.1999999999999993,-0.6999999999999993,1
20.1,23.8,17.2,20.1,17.6,86.1,0.285,100.0,16.67,18.6,1020.8,10.2,9.8,154.3,13.2,5.0,27.0,17.7,24.7,4.75,1.0,0.0,0.0,1.0,0.0,0.0,6.600000000000001,1.1000000000000014,1.3000000000000007,1
19.5,23.5,16.5,19.5,14.1,72.4,0.0,0.0,0.0,20.0,1021.0,4.7,11.6,194.2,16.8,6.0,43.0,12.55,17.8,2.6,1.0,1.0,0.0,0.0,0.0,0.0,7.0,-0.6000000000000014,0.5,0
20.0,25.5,16.6,20.0,13.9,69.7,0.0,0.0,0.0,22.8,1019.9,1.5,12.3,219.5,18.9,7.0,48.0,12.0,16.05,2.5,1.0,1.0,0.0,0.0,0.0,0.0,8.899999999999999,0.5,-0.10000000000000142,1
20.4,26.5,17.0,20.4,14.6,70.8,0.0,0.0,0.0,24.6,1020.5,3.0,12.2,211.7,18.3,7.0,50.0,13.9,17.700000000000003,2.6500000000000004,1.0,1.0,0.0,0.0,0.0,0.0,9.5,0.3999999999999986,0.8999999999999986,1
19.9,26.6,15.1,19.9,14.4,71.3,0.0,0.0,0.0,22.9,1019.0,1.6,10.8,216.6,18.9,7.0,41.5,11.85,16.5,2.9,1.0,1.0,0.0,0.0,0.0,0.0,11.500000000000002,-0.3000000000000007,-0.5,0
20.9,25.2,17.6,20.9,17.5,81.3,0.0,0.0,0.0,20.1,1017.0,4.0,11.1,199.5,17.1,7.0,26.0,15.05,22.55,3.5,1.0,1.0,0.0,0.0,0.0,0.0,7.599999999999998,1.0,0.6999999999999993,1
19.8,25.5,15.5,19.8,14.9,73.8,0.0,0.0,0.0,18.9,1020.9,5.5,11.8,178.3,15.4,6.0,42.0,12.1,16.05,2.5,1.0,1.0,0.0,0.0,0.0,0.0,10.0,0.6999999999999993,-1.3000000000000007,0
18.9,23.5,16.4,18.9,13.0,69.4,0.0,0.0,0.0,23.1,1018.6,3.0,11.1,175.4,15.2,7.0,60.0,11.85,15.1,2.05,1.0,1.0,0.0,0.0,0.0,0.0,7.100000000000001,-2.1000000000000014,-0.9000000000000021,1
20.7,27.4,16.6,20.7,14.4,68.5,0.0,0.0,0.0,21.4,1020.2,2.2,11.1,208.8,17.8,7.0,52.5,9.75,13.9,2.35,1.0,1.0,0.0,0.0,0.0,0.0,10.599999999999998,1.8000000000000007,-0.3000000000000007,1
21.7,27.2,16.9,21.5,9.5,50.3,0.0,0.0,0.0,23.3,1019.0,5.1,11.4,200.3,17.5,7.0,39.5,24.05,29.65,3.6,1.0,1.0,0.0,0.0,0.0,0.0,11.3,1.0,2.8000000000000007,1
22.1,28.4,18.1,22.3,16.1,69.4,0.0,0.0,0.0,26.3,1017.6,4.4,12.2,90.2,7.8,5.0,31.0,10.65,17.45,4.55,1.0,1.0,0.0,0.0,0.0,0.0,9.399999999999999,0.40000000000000213,1.4000000000000021,0
20.6,26.0,17.3,20.6,12.7,61.3,0.0,0.0,0.0,17.2,1016.4,5.8,11.5,136.9,12.0,6.0,28.0,63.2,72.8,5.699999999999999,1.0,1.0,0.0,0.0,0.0,0.0,8.7,0.10000000000000142,2.0,0
20.3,24.0,18.5,20.3,16.4,78.9,0.0,0.0,0.0,27.9,1013.7,4.5,10.3,119.8,10.2,4.0,70.0,7.9,9.75,1.25,1.0,1.0,0.0,0.0,0.0,0.0,5.5,-0.3000000000000007,-0.1999999999999993,0
19.9,23.9,18.1,19.9,16.7,82.6,3.527,100.0,8.33,28.9,1012.6,5.1,10.5,110.5,9.5,6.0,64.0,5.35,7.25,1.15,1.0,0.0,0.0,1.0,0.0,0.0,5.799999999999997,-0.40000000000000213,-0.7000000000000028,1
16.1,19.1,13.7,16.1,12.9,82.9,19.414,100.0,50.0,22.9,1015.5,8.4,10.3,142.4,12.3,7.0,54.0,12.45,15.05,2.2,1.0,0.0,0.0,1.0,0.0,0.0,5.400000000000002,-3.799999999999997,-4.199999999999999,1
17.2,21.6,13.4,17.2,13.4,79.0,0.0,0.0,0.0,24.1,1020.1,9.3,11.8,104.9,9.1,4.0,47.0,19.15,23.55,2.55,1.0,1.0,0.0,0.0,0.0,0.0,8.200000000000001,0.8999999999999986,1.0999999999999979,0
17.4,20.1,15.5,17.4,14.2,82.3,0.941,100.0,12.5,17.5,1017.9,11.3,12.5,119.0,10.2,6.0,42.0,15.3,18.25,2.6500000000000004,1.0,0.0,0.0,1.0,0.0,0.0,4.600000000000001,-2.200000000000003,0.1999999999999993,1
16.5,18.6,14.2,16.5,14.5,88.2,7.936,100.0,25.0,31.4,1009.8,4.8,9.7,85.0,7.4,5.0,56.0,11.35,13.3,1.5,1.0,0.0,0.0,1.0,0.0,0.0,4.400000000000002,-0.8999999999999986,-3.1000000000000014,1
15.1,19.0,12.5,15.1,9.9,72.2,0.287,100.0,8.33,16.1,1014.2,2.2,10.9,134.6,11.6,6.0,52.0,12.0,14.6,1.55,1.0,0.0,0.0,1.0,0.0,0.0,6.5,-1.4000000000000004,-2.299999999999999,0
15.0,19.5,11.9,15.0,8.0,64.8,0.0,0.0,0.0,22.4,1014.1,2.3,12.3,177.3,15.3,7.0,50.5,18.35,21.55,2.05,1.0,1.0,0.0,0.0,0.0,0.0,7.6,0.0,-0.09999999999999964,1
15.6,18.0,14.2,15.6,10.3,70.8,0.0,0.0,0.0,27.4,1013.9,8.3,11.5,118.3,10.1,5.0,61.0,11.85,13.9,1.6,1.0,1.0,0.0,0.0,0.0,0.0,3.8000000000000007,0.5999999999999996,0.5999999999999996,0
16.1,20.9,13.0,16.1,11.9,76.9,0.0,0.0,0.0,16.2,1020.7,6.2,12.2,169.3,14.6,7.0,26.0,24.950000000000003,32.0,5.25,1.0,1.0,0.0,0.0,0.0,0.0,7.899999999999999,0.5000000000000018,1.1000000000000014,0
16.5,22.3,12.3,16.5,11.1,73.3,0.0,0.0,0.0,17.1,1020.6,2.9,11.1,174.1,15.1,6.0,34.0,39.85,47.45,5.35,1.0,1.0,0.0,0.0,0.0,0.0,10.0,0.3999999999999986,0.9000000000000004,0
16.5,21.9,12.8,16.5,13.1,81.3,0.0,0.0,0.0,10.6,1018.5,3.8,10.0,157.2,13.6,6.0,31.5,39.75,48.7,4.75,1.0,1.0,0.0,0.0,0.0,0.0,9.099999999999998,0.0,0.3999999999999986,1
17.0,19.9,14.0,17.0,14.8,86.9,0.0,0.0,0.0,17.1,1018.1,3.5,9.3,85.6,7.6,4.0,54.0,19.1,24.5,3.15,1.0,1.0,0.0,0.0,0.0,0.0,5.899999999999999,0.5,0.5,1
18.3,20.2,16.6,18.3,17.8,96.7,7.883,100.0,45.83,16.1,1017.2,9.3,7.5,80.6,6.8,3.0,37.0,16.9,20.35,1.75,1.0,0.0,0.0,1.0,0.0,0.0,3.599999999999998,1.3000000000000007,1.8000000000000007,0
19.2,22.4,17.5,19.2,18.3,95.2,0.107,100.0,16.67,17.5,1018.5,10.6,8.0,119.7,10.2,6.0,37.0,14.0,16.25,1.7,1.0,0.0,0.0,1.0,0.0,0.0,4.899999999999999,0.8999999999999986,2.1999999999999993,1
19.4,20.6,18.1,19.4,19.0,97.7,1.617,100.0,20.83,20.1,1022.3,12.2,7.3,41.3,3.6,2.0,33.0,13.5,16.95,2.05,1.0,0.0,0.0,1.0,0.0,0.0,2.5,0.1999999999999993,1.0999999999999979,0
19.7,23.1,18.6,19.7,18.8,94.6,0.308,100.0,8.33,21.3,1023.6,4.0,9.7,54.7,4.8,2.0,23.0,8.7,12.15,1.9,1.0,0.0,0.0,1.0,0.0,0.0,4.5,-0.3000000000000007,0.3000000000000007,0
18.1,19.2,16.7,18.1,16.9,93.0,9.351,100.0,45.83,22.4,1014.7,5.2,10.0,88.1,7.6,4.0,52.5,8.399999999999999,10.55,1.2,1.0,0.0,0.0,1.0,0.0,0.0,2.5,-1.5999999999999979,-1.8999999999999986,0
17.9,20.4,16.6,17.9,15.4,85.5,1.096,100.0,20.83,21.0,1015.1,5.6,10.6,100.0,8.8,5.0,58.0,6.1,8.9,1.45,1.0,0.0,0.0,1.0,0.0,0.0,3.799999999999997,-0.20000000000000284,-1.8000000000000007,1
15.3,18.0,12.6,15.3,10.4,74.3,1.207,100.0,37.5,25.2,1018.0,8.5,10.8,129.7,11.1,6.0,51.0,13.05,15.85,1.8,1.0,0.0,0.0,1.0,0.0,0.0,5.4,-0.3999999999999986,-0.3999999999999986,1
16.3,19.4,13.6,16.3,13.1,81.8,0.222,100.0,8.33,29.6,1020.9,6.8,11.5,56.6,4.9,2.0,58.5,13.65,17.1,1.35,1.0,0.0,0.0,1.0,0.0,0.0,5.799999999999999,1.5,2.4000000000000004,0
14.6,17.1,12.1,14.6,10.8,78.3,0.005,100.0,4.17,25.9,1019.8,7.3,10.2,58.7,5.1,2.0,50.5,18.35,21.65,1.9,1.0,0.0,0.0,1.0,0.0,0.0,5.000000000000002,-1.700000000000001,-0.20000000000000107,1
10.3,12.9,6.1,9.6,4.9,69.7,0.237,100.0,41.67,28.8,1013.4,5.0,11.3,114.1,9.8,6.0,45.5,24.65,29.0,1.95,1.0,0.0,0.0,1.0,0.0,0.0,5.2,-2.799999999999999,-5.5,1
14.2,18.0,11.1,14.2,13.1,93.5,12.247,100.0,62.5,26.0,1017.0,5.6,9.8,32.2,3.0,1.0,49.0,17.85,20.65,1.7,1.0,0.0,0.0,1.0,0.0,0.0,6.9,3.0,3.8999999999999986,1
12.3,15.9,9.3,12.3,7.1,71.7,0.056,100.0,4.17,23.2,1018.7,3.1,12.0,134.1,11.7,6.0,48.0,28.15,30.35,2.5,1.0,0.0,0.0,1.0,0.0,0.0,6.300000000000001,-1.8999999999999986,1.1000000000000014,1
10.8,12.2,8.8,10.7,9.1,89.3,4.978,100.0,33.33,13.6,1017.3,10.3,10.1,37.7,3.1,2.0,25.0,42.4,54.6,8.8,1.0,0.0,0.0,1.0,0.0,0.0,2.799999999999999,-1.5,-3.3999999999999986,0
13.1,16.9,11.2,13.1,11.7,91.6,19.441,100.0,58.33,21.6,1009.0,8.8,10.7,90.7,7.8,5.0,41.5,18.05,28.1,7.5,1.0,0.0,0.0,1.0,0.0,0.0,5.699999999999999,2.299999999999999,0.7999999999999989,0
14.0,18.0,12.1,14.0,12.5,90.9,2.036,100.0,41.67,14.1,1007.4,7.1,11.7,110.6,9.6,5.0,26.0,24.05,40.45,9.05,1.0,0.0,0.0,1.0,0.0,0.0,5.9,0.9000000000000004,3.1999999999999993,0
15.6,17.8,13.7,15.6,13.1,86.0,32.052,100.0,54.17,40.5,999.8,9.6,8.6,66.2,5.6,4.0,58.0,10.85,14.0,2.0,1.0,0.0,0.0,1.0,0.0,0.0,4.100000000000001,1.5999999999999996,2.5,1
13.5,17.3,11.2,13.5,9.4,76.9,1.168,100.0,33.33,18.9,1011.2,3.3,10.9,121.9,10.7,5.0,57.0,11.65,16.25,3.2,1.0,0.0,0.0,1.0,0.0,0.0,6.100000000000001,-2.0999999999999996,-0.5,1
14.0,16.5,10.9,14.0,12.3,90.0,4.047,100.0,29.17,26.3,1017.1,6.5,9.5,58.4,5.1,2.0,43.5,13.8,18.75,3.7,1.0,0.0,0.0,1.0,0.0,0.0,5.6,0.5,-1.5999999999999996,1
16.8,19.5,14.8,16.8,16.1,95.7,8.408,100.0,41.67,26.0,1016.5,8.9,8.6,82.5,7.2,4.0,41.0,12.95,19.4,3.55,1.0,0.0,0.0,1.0,0.0,0.0,4.699999999999999,2.8000000000000007,3.3000000000000007,1
16.5,17.2,14.3,16.5,16.2,98.2,20.177,100.0,41.67,33.0,1013.5,11.0,8.2,39.3,3.3,2.0,38.0,12.45,17.549999999999997,3.1,1.0,0.0,0.0,1.0,0.0,0.0,2.8999999999999986,-0.3000000000000007,2.5,0
15.6,17.1,12.7,15.6,14.8,95.1,1.433,100.0,20.83,19.5,1020.4,5.0,10.4,43.7,3.8,2.0,36.0,14.8,21.0,4.5,1.0,0.0,0.0,1.0,0.0,0.0,4.400000000000002,-1.4000000000000004,-0.7000000000000011,0
13.0,15.2,10.6,13.0,6.0,62.9,0.016,100.0,4.17,32.6,1013.4,2.1,12.4,121.9,10.7,5.0,41.5,17.7,23.0,3.1500000000000004,1.0,0.0,0.0,1.0,0.0,0.0,4.6,-0.6999999999999993,-2.5999999999999996,1
13.2,15.7,10.4,13.2,6.4,63.7,0.0,0.0,0.0,22.6,1016.3,1.2,12.1,117.1,10.1,5.0,35.5,25.15,34.7,4.7,1.0,1.0,0.0,0.0,0.0,0.0,5.299999999999999,2.799999999999999,1.1999999999999993,0
13.8,16.7,11.5,13.8,7.1,64.2,0.0,0.0,0.0,22.0,1021.4,3.6,11.8,112.6,9.7,5.0,30.0,29.05,40.35,5.2,1.0,1.0,0.0,0.0,0.0,0.0,5.199999999999999,0.6000000000000014,3.4000000000000004,0
13.1,18.3,10.0,13.1,8.9,76.2,0.0,0.0,0.0,12.2,1024.9,2.0,10.2,99.8,8.6,5.0,17.5,38.7,60.0,8.4,1.0,1.0,0.0,0.0,0.0,0.0,8.3,-0.7000000000000011,-0.09999999999999964,0
14.7,16.6,12.1,14.7,13.7,93.9,0.0,0.0,0.0,14.3,1027.1,7.5,8.1,32.5,2.9,2.0,26.5,23.05,34.3,6.6,1.0,1.0,0.0,0.0,0.0,0.0,4.500000000000002,1.5999999999999996,0.8999999999999986,0
10.9,14.5,7.7,10.8,8.0,83.0,0.0,0.0,0.0,10.3,1029.0,9.5,8.9,104.9,9.0,5.0,2.0,46.9,113.25,42.8,1.0,1.0,0.0,0.0,0.0,0.0,6.1,-3.0999999999999996,-3.799999999999999,0
13.1,15.5,10.1,13.1,11.0,87.3,1.471,100.0,45.83,25.2,1026.9,9.2,10.0,49.5,4.3,3.0,49.5,19.85,24.450000000000003,3.35,1.0,0.0,0.0,1.0,0.0,0.0,5.4,0.9000000000000004,2.1999999999999993,0
14.8,17.9,13.1,14.8,12.4,85.5,0.206,100.0,16.67,21.2,1024.6,8.7,11.5,66.6,5.5,4.0,52.0,20.8,27.15,3.9,1.0,0.0,0.0,1.0,0.0,0.0,4.799999999999999,1.700000000000001,2.6000000000000014,0
13.9,17.9,12.0,13.9,12.0,89.1,0.542,100.0,20.83,18.8,1021.6,4.7,10.6,80.4,7.1,4.0,47.5,19.4,25.8,4.55,1.0,0.0,0.0,1.0,0.0,0.0,5.899999999999999,-0.9000000000000004,0.8000000000000007,0
14.2,16.6,12.1,14.2,13.2,94.3,3.68,100.0,50.0,27.9,1012.1,7.8,9.9,54.8,4.9,3.0,65.5,8.5,11.45,2.0,1.0,0.0,0.0,1.0,0.0,0.0,4.500000000000002,0.29999999999999893,-0.6000000000000014,1
11.7,13.1,10.2,11.7,10.9,94.7,14.135,100.0,79.17,17.3,997.9,7.1,8.4,26.2,2.1,2.0,0.0,31.05,37.5,4.800000000000001,1.0,0.0,0.0,1.0,0.0,0.0,2.9000000000000004,-2.5,-2.200000000000001,1
15.2,17.6,12.1,15.2,14.4,94.9,5.538,100.0,37.5,44.4,1013.1,14.7,9.8,40.5,3.5,2.0,0.0,5.9,8.1,1.2,1.0,0.0,0.0,1.0,0.0,0.0,5.500000000000002,3.5,3.5,0
16.3,17.2,14.7,16.3,15.6,95.6,16.722,100.0,41.67,57.1,1006.3,25.8,8.3,14.2,1.2,1.0,65.0,5.8,7.800000000000001,1.3,1.0,0.0,0.0,0.0,0.0,1.0,2.5,1.1000000000000014,4.600000000000001,1
16.2,17.2,15.0,16.2,15.8,97.7,39.75,100.0,79.17,46.8,1004.3,20.3,6.7,11.1,0.9,1.0,54.0,8.95,11.65,1.7,1.0,0.0,0.0,0.0,0.0,1.0,2.1999999999999993,-0.10000000000000142,1.0,0
16.2,17.1,14.7,16.2,15.3,94.7,11.357,100.0,62.5,36.6,1012.0,3.5,7.3,50.7,4.3,3.0,48.0,9.0,12.25,1.75,1.0,0.0,0.0,1.0,0.0,0.0,2.400000000000002,0.0,-0.10000000000000142,0
15.2,17.1,12.6,15.2,14.1,93.4,0.0,0.0,0.0,20.3,1023.1,5.1,9.1,56.0,4.7,2.0,52.0,12.0,15.3,2.6,1.0,1.0,0.0,0.0,0.0,0.0,4.500000000000002,-1.0,-1.0,0
13.3,15.9,12.1,13.3,12.9,97.7,0.233,100.0,20.83,13.4,1028.1,12.5,2.2,65.5,5.6,3.0,23.0,33.25,50.95,8.5,1.0,0.0,0.0,1.0,0.0,0.0,3.8000000000000007,-1.8999999999999986,-2.8999999999999986,1
13.4,16.7,10.4,13.4,11.0,86.0,0.0,0.0,0.0,21.0,1025.3,3.8,8.0,102.1,8.8,4.0,27.0,21.9,30.9,6.6,1.0,1.0,0.0,0.0,0.0,0.0,6.299999999999999,0.09999999999999964,-1.799999999999999,0
13.9,15.1,12.5,13.9,10.5,80.2,0.0,0.0,0.0,14.3,1027.3,4.9,11.0,97.8,8.4,5.0,42.0,30.8,41.55,5.75,1.0,1.0,0.0,0.0,0.0,0.0,2.5999999999999996,-0.5999999999999996,0.5,0
13.6,16.2,11.3,13.6,9.5,76.4,0.0,0.0,0.0,17.7,1026.5,3.1,11.6,111.8,9.5,5.0,21.5,29.8,49.05,9.15,1.0,1.0,0.0,0.0,0.0,0.0,4.899999999999999,-0.3000000000000007,-0.9000000000000004,1
14.2,17.0,11.5,14.2,9.0,70.9,0.0,0.0,0.0,19.9,1026.6,0.5,10.9,114.2,9.5,5.0,29.5,22.75,33.55,7.05,1.0,1.0,0.0,0.0,0.0,0.0,5.5,0.5999999999999996,0.29999999999999893,0
13.6,16.9,10.0,13.6,8.2,69.8,0.0,0.0,0.0,14.8,1027.8,0.4,10.8,116.6,10.2,5.0,30.5,18.950000000000003,26.85,5.55,1.0,1.0,0.0,0.0,0.0,0.0,6.899999999999999,-0.5999999999999996,0.0,0
11.9,16.3,8.2,11.8,7.9,77.1,0.0,0.0,0.0,13.6,1030.4,0.4,10.3,115.5,9.8,5.0,10.0,43.15,77.85,24.5,1.0,1.0,0.0,0.0,0.0,0.0,7.5,-1.6999999999999993,-2.299999999999999,0
9.5,11.1,6.2,8.8,8.4,92.8,0.0,0.0,0.0,12.7,1031.5,6.1,4.9,109.6,9.3,5.0,12.0,47.05,74.0,17.3,1.0,1.0,0.0,0.0,0.0,0.0,3.0999999999999996,-2.4000000000000004,-4.1,1
10.1,12.0,7.3,9.9,8.8,91.8,0.005,100.0,4.17,10.4,1031.0,66.9,6.6,29.5,2.4,1.0,3.0,49.05,105.6,33.35,1.0,0.0,0.0,0.0,0.0,1.0,4.0,0.5,0.5999999999999996,0
13.1,16.9,11.0,13.1,9.8,81.0,0.0,0.0,0.0,8.4,1033.3,52.2,9.8,93.6,8.0,6.0,13.0,46.05,74.95,12.1,1.0,0.0,1.0,0.0,0.0,0.0,5.899999999999999,3.0,3.5,1
12.2,15.1,8.7,12.2,8.5,78.6,0.0,0.0,0.0,17.6,1033.0,23.5,9.4,108.6,9.3,5.0,24.0,43.5,55.25,8.05,1.0,0.0,1.0,0.0,0.0,0.0,5.5,-0.9000000000000004,2.0999999999999996,1
9.9,14.4,6.4,9.7,6.9,82.3,0.0,0.0,0.0,10.6,1029.8,19.1,9.2,101.3,8.7,4.0,12.5,49.95,76.65,17.05,1.0,1.0,0.0,0.0,0.0,0.0,8.0,-0.1999999999999993,-2.299999999999999,0
9.8,14.1,6.5,9.6,6.0,77.9,0.0,0.0,0.0,13.1,1031.9,13.4,9.8,112.0,9.5,5.0,13.5,47.95,75.9,15.75,1.0,1.0,0.0,0.0,0.0,0.0,7.6,-0.09999999999999964,-0.29999999999999893,1
11.9,16.5,5.1,11.2,9.0,83.0,0.0,0.0,0.0,16.9,1030.1,35.6,9.3,43.5,3.6,3.0,29.5,40.6,52.1,7.449999999999999,1.0,0.0,1.0,0.0,0.0,0.0,9.3,2.0999999999999996,2.0,0
14.0,16.6,11.2,14.0,12.0,87.8,0.001,100.0,4.17,15.3,1029.0,58.7,10.8,47.4,4.2,3.0,39.5,27.75,38.65,6.2,1.0,0.0,0.0,0.0,0.0,1.0,5.400000000000002,2.0999999999999996,4.199999999999999,0
11.5,14.6,7.3,11.3,5.8,68.9,0.003,100.0,4.17,23.4,1030.6,32.5,11.3,115.2,9.8,5.0,42.5,25.85,32.1,3.7,1.0,0.0,0.0,0.0,0.0,1.0,5.5,-2.5,-0.40000000000000036,1
9.5,14.0,4.3,8.9,4.0,69.6,0.0,0.0,0.0,10.0,1031.3,19.4,10.3,123.8,10.6,5.0,32.5,37.55,48.7,5.55,1.0,1.0,0.0,0.0,0.0,0.0,8.3,-1.1999999999999993,-2.0,0
9.3,12.8,4.3,9.1,7.0,86.0,0.005,100.0,4.17,8.2,1026.7,69.9,6.7,46.0,3.8,2.0,18.5,48.85,78.85,14.9,1.0,0.0,0.0,0.0,0.0,1.0,7.4,-0.1999999999999993,-1.3999999999999986,1
12.8,15.5,9.1,12.8,11.1,89.5,0.968,100.0,16.67,32.5,1020.7,58.4,10.2,59.3,5.1,3.0,64.0,13.95,17.55,2.5,1.0,0.0,0.0,0.0,0.0,1.0,5.6,3.5,3.3000000000000007,0
15.9,17.5,14.6,15.9,14.4,90.8,0.099,100.0,12.5,28.9,1020.9,69.6,10.3,65.8,5.6,3.0,66.0,9.5,12.75,1.65,1.0,0.0,0.0,0.0,0.0,1.0,2.9000000000000004,3.0999999999999996,6.6,1
14.9,17.1,12.5,14.9,13.3,90.2,13.736,100.0,20.83,38.4,1024.2,58.0,10.8,55.6,4.7,3.0,71.0,8.05,10.15,1.5,1.0,0.0,0.0,0.0,0.0,1.0,4.600000000000001,-1.0,2.0999999999999996,0
13.5,16.3,12.1,13.5,12.6,94.8,0.136,100.0,20.83,10.6,1031.0,44.9,6.8,97.9,8.4,4.0,20.5,50.7,66.65,9.75,1.0,0.0,0.0,0.0,0.0,1.0,4.200000000000001,-1.4000000000000004,-2.4000000000000004,0
15.1,18.4,12.7,15.1,13.3,89.4,26.955,100.0,45.83,32.5,1027.3,64.7,8.3,47.8,3.9,2.0,60.5,11.2,14.45,1.9,1.0,0.0,0.0,0.0,0.0,1.0,5.699999999999999,1.5999999999999996,0.1999999999999993,0
13.3,16.1,11.5,13.3,4.9,59.6,0.376,100.0,4.17,38.1,1025.4,25.3,11.0,125.0,10.8,5.0,63.0,11.7,14.65,1.45,1.0,0.0,0.0,0.0,0.0,1.0,4.600000000000001,-1.799999999999999,-0.1999999999999993,1
8.9,11.5,2.7,6.2,-3.2,42.8,0.0,0.0,0.0,37.5,1021.9,15.2,12.3,133.7,11.6,5.0,60.0,16.75,20.15,1.7,1.0,1.0,0.0,0.0,0.0,0.0,4.5,-4.4,-6.199999999999999,1
9.8,12.7,3.7,8.2,1.3,55.8,0.0,0.0,0.0,25.5,1017.7,26.0,12.0,133.0,11.6,5.0,44.0,22.7,26.55,3.2,1.0,0.0,1.0,0.0,0.0,0.0,5.6,0.9000000000000004,-3.5,0
9.5,12.6,5.6,8.7,8.0,90.5,0.105,100.0,8.33,11.5,1014.2,53.4,10.6,73.5,6.3,3.0,35.5,27.3,36.35,5.75,1.0,0.0,0.0,0.0,0.0,1.0,5.0,-0.3000000000000007,-0.3000000000000007,0
10.4,12.7,7.3,9.8,9.4,93.7,4.192,100.0,29.17,14.3,1016.4,61.5,10.3,61.6,5.4,3.0,32.5,31.1,39.8,4.4,1.0,0.0,0.0,0.0,0.0,1.0,3.799999999999999,0.9000000000000004,0.5999999999999996,1
11.8,16.0,8.5,11.8,10.1,89.4,0.005,100.0,4.17,18.7,1024.3,31.8,8.3,128.4,11.0,6.0,24.0,30.700000000000003,44.05,7.05,1.0,0.0,0.0,0.0,0.0,1.0,7.5,0.40000000000000036,1.4000000000000004,1
14.2,15.6,12.2,14.2,12.9,92.0,2.134,100.0,29.17,27.6,1024.1,61.6,9.7,37.3,3.1,2.0,61.0,11.8,14.45,1.9,1.0,0.0,0.0,0.0,0.0,1.0,3.4000000000000004,2.3999999999999986,2.799999999999999,1
14.7,16.5,13.7,14.7,13.3,91.7,0.003,100.0,4.17,21.8,1024.8,62.3,10.8,65.7,5.7,3.0,55.0,12.85,18.6,3.1,1.0,0.0,0.0,0.0,0.0,1.0,2.8000000000000007,-0.3000000000000007,0.5,0
16.3,22.3,13.0,16.3,12.7,80.2,0.0,0.0,0.0,17.0,1028.6,4.9,11.2,152.2,13.1,6.0,25.5,27.1,42.85,8.899999999999999,1.0,1.0,0.0,0.0,0.0,0.0,9.3,0.5,0.8000000000000007,0
14.1,19.6,10.8,14.1,10.3,78.7,0.005,100.0,4.17,18.9,1023.3,46.7,10.0,143.6,12.5,5.0,17.5,34.65,46.35,10.6,1.0,0.0,0.0,0.0,0.0,1.0,8.8,0.7999999999999989,-2.200000000000001,1
14.0,17.1,10.9,14.0,10.9,82.3,0.0,0.0,0.0,12.3,1020.5,43.3,10.7,123.2,10.9,5.0,40.5,22.450000000000003,33.05,5.699999999999999,1.0,0.0,1.0,0.0,0.0,0.0,6.200000000000001,-0.09999999999999964,0.6999999999999993,0
14.2,18.0,11.4,14.2,12.2,88.3,0.0,0.0,0.0,15.5,1023.0,45.1,9.4,96.1,8.2,4.0,18.5,41.35,60.5,9.9,1.0,0.0,1.0,0.0,0.0,0.0,6.6,0.1999999999999993,0.09999999999999964,0
13.7,17.9,11.7,13.7,11.7,87.4,0.611,100.0,33.33,20.6,1025.7,46.3,10.1,80.3,7.0,3.0,54.5,21.75,26.75,3.3,1.0,0.0,0.0,0.0,0.0,1.0,6.199999999999999,-0.5,-0.3000000000000007,0
13.0,17.0,10.0,13.0,10.1,82.6,0.0,0.0,0.0,10.7,1030.9,44.1,11.1,92.0,8.1,4.0,40.5,28.3,38.15,5.15,1.0,0.0,1.0,0.0,0.0,0.0,7.0,-0.6999999999999993,-1.1999999999999993,0
13.6,16.4,10.1,13.6,11.8,89.5,0.0,0.0,0.0,10.8,1033.4,46.1,10.0,111.8,9.7,5.0,11.5,54.95,84.45,16.049999999999997,1.0,0.0,1.0,0.0,0.0,0.0,6.299999999999999,0.5999999999999996,-0.09999999999999964,0
13.8,17.5,12.0,13.8,11.1,84.1,0.0,0.0,0.0,11.6,1028.5,49.7,11.1,73.4,6.4,3.0,37.0,25.55,37.25,6.05,1.0,0.0,1.0,0.0,0.0,0.0,5.5,0.20000000000000107,0.8000000000000007,1
13.3,15.0,12.0,13.3,11.2,86.8,0.0,0.0,0.0,8.3,1024.5,60.7,9.4,64.5,5.4,3.0,24.0,43.650000000000006,58.0,7.899999999999999,1.0,0.0,1.0,0.0,0.0,0.0,3.0,-0.5,-0.29999999999999893,0
13.1,16.9,10.5,13.1,10.9,86.9,0.099,100.0,4.17,9.6,1026.0,39.9,8.5,139.3,12.1,6.0,10.5,35.15,66.2,17.9,1.0,0.0,0.0,0.0,0.0,1.0,6.399999999999999,-0.40000000000000036,-0.20000000000000107,0
13.6,18.0,8.9,13.6,10.8,84.5,0.0,0.0,0.0,14.6,1026.2,29.2,9.7,165.7,14.3,6.0,7.5,46.65,78.5,16.6,1.0,0.0,1.0,0.0,0.0,0.0,9.1,0.5,0.09999999999999964,1
14.2,17.1,11.6,14.2,12.6,90.4,0.005,100.0,4.17,17.0,1027.7,57.7,8.1,84.2,7.3,3.0,32.5,19.65,27.0,5.45,1.0,0.0,0.0,0.0,0.0,1.0,5.500000000000002,0.5999999999999996,1.0999999999999996,1
14.6,16.6,11.4,14.6,11.2,81.2,2.017,100.0,29.17,23.2,1030.2,59.9,10.8,133.4,11.4,6.0,53.5,14.55,18.65,2.6,1.0,0.0,0.0,0.0,0.0,1.0,5.200000000000001,0.40000000000000036,1.0,1
12.0,15.8,10.1,12.0,5.4,65.2,0.0,0.0,0.0,31.4,1032.0,19.3,11.5,184.3,15.9,7.0,70.5,15.25,18.05,1.9,1.0,1.0,0.0,0.0,0.0,0.0,5.700000000000001,-2.5999999999999996,-2.1999999999999993,0
13.8,17.7,8.2,13.7,8.0,68.5,0.0,0.0,0.0,15.4,1023.9,24.2,11.6,181.7,15.6,7.0,41.5,35.95,42.25,4.85,1.0,0.0,1.0,0.0,0.0,0.0,8.299999999999999,0.10000000000000142,1.8000000000000007,1
15.9,21.1,11.5,15.9,8.5,62.5,0.0,0.0,0.0,17.5,1026.5,6.8,10.6,186.1,16.0,7.0,55.0,31.55,37.05,3.35,1.0,1.0,0.0,0.0,0.0,0.0,9.600000000000001,2.0999999999999996,2.200000000000001,0
17.0,21.5,12.4,17.0,7.3,54.3,0.0,0.0,0.0,14.3,1029.9,38.1,10.4,188.0,16.2,7.0,62.0,34.25,42.7,3.55,1.0,0.0,1.0,0.0,0.0,0.0,9.1,1.0999999999999996,3.1999999999999993,0
17.5,22.5,12.4,17.5,6.8,50.8,0.0,0.0,0.0,15.5,1030.0,0.8,10.4,196.1,17.1,7.0,64.0,25.5,32.0,2.7,1.0,1.0,0.0,0.0,0.0,0.0,10.1,0.5,1.5999999999999996,1
16.1,21.0,11.7,16.1,8.2,60.7,0.0,0.0,0.0,17.7,1027.6,6.4,10.3,192.6,16.7,7.0,45.5,45.1,54.2,5.1,1.0,1.0,0.0,0.0,0.0,0.0,9.3,-1.3999999999999986,-0.8999999999999986,1
14.0,18.8,10.6,14.0,10.0,77.5,0.0,0.0,0.0,18.0,1026.5,67.4,10.7,80.1,6.9,4.0,69.0,13.3,15.5,1.9,1.0,0.0,1.0,0.0,0.0,0.0,8.200000000000001,-2.1000000000000014,-3.5,0
15.1,18.0,13.1,15.1,12.0,82.3,3.483,100.0,16.67,24.7,1017.6,55.2,9.6,125.2,10.9,6.0,59.5,10.7,13.1,1.45,1.0,0.0,0.0,0.0,0.0,1.0,4.9,1.799999999999999,0.5999999999999996,0
15.2,16.1,14.0,15.2,14.0,92.4,0.584,100.0,16.67,38.6,1016.9,67.8,9.5,42.4,3.7,2.0,63.0,8.75,10.8,1.3,1.0,0.0,0.0,0.0,0.0,1.0,2.1000000000000014,0.09999999999999964,1.8999999999999986,1
14.7,17.3,12.0,14.7,9.9,74.2,1.565,100.0,25.0,33.1,1018.7,46.7,11.0,138.6,11.9,5.0,65.5,11.65,14.8,2.1500000000000004,1.0,0.0,0.0,0.0,0.0,1.0,5.300000000000001,-0.5,-0.40000000000000036,0
15.2,19.5,11.2,15.2,12.7,85.3,1.436,100.0,12.5,22.3,1023.6,63.8,10.8,140.7,12.0,7.0,48.0,19.8,25.55,3.0,1.0,0.0,0.0,0.0,0.0,1.0,8.3,0.5,0.0,0
16.3,20.0,14.5,16.3,13.6,84.2,0.0,0.0,0.0,22.0,1024.0,53.6,11.2,131.8,11.3,6.0,42.0,14.65,19.4,3.0,1.0,0.0,1.0,0.0,0.0,0.0,5.5,1.1000000000000014,1.6000000000000014,0
13.8,18.6,8.9,13.8,8.7,72.0,0.0,0.0,0.0,15.5,1028.4,33.8,11.0,142.0,12.3,5.0,61.0,22.6,25.3,1.9,1.0,0.0,1.0,0.0,0.0,0.0,9.100000000000001,-0.09999999999999964,0.20000000000000107,1
14.9,19.9,11.0,14.9,9.0,70.0,0.0,0.0,0.0,21.9,1029.2,31.4,11.3,208.1,18.0,8.0,58.5,24.7,30.55,2.9000000000000004,1.0,0.0,1.0,0.0,0.0,0.0,8.899999999999999,1.0999999999999996,1.0,0
16.4,22.5,10.2,16.4,9.0,63.8,0.0,0.0,0.0,16.2,1026.2,5.2,11.3,214.7,18.5,8.0,43.0,36.1,46.7,4.9,1.0,1.0,0.0,0.0,0.0,0.0,12.3,1.4999999999999982,2.599999999999998,1
19.4,26.0,12.8,19.4,10.4,58.3,0.0,0.0,0.0,13.6,1021.3,54.2,11.4,207.5,17.9,8.0,26.5,50.8,69.8,7.1,1.0,0.0,1.0,0.0,0.0,0.0,13.2,3.0,4.499999999999998,0
17.2,22.3,13.1,17.2,11.7,70.5,0.0,0.0,0.0,28.4,1018.5,40.5,11.7,196.2,17.0,7.0,56.5,24.15,29.5,3.55,1.0,0.0,1.0,0.0,0.0,0.0,9.200000000000001,-2.1999999999999993,0.8000000000000007,0
14.1,18.0,12.0,14.1,9.9,76.4,0.0,0.0,0.0,23.3,1019.5,39.9,10.8,73.5,6.1,3.0,66.0,15.3,18.4,2.35,1.0,0.0,1.0,0.0,0.0,0.0,6.0,-3.0999999999999996,-5.299999999999999,1
13.8,18.5,10.5,13.8,8.2,70.1,0.0,0.0,0.0,24.6,1017.2,32.5,10.5,170.7,14.9,8.0,76.5,13.25,14.75,1.3,1.0,0.0,1.0,0.0,0.0,0.0,8.0,-2.5,-0.29999999999999893,1
12.1,15.4,7.5,11.9,4.7,61.2,0.002,100.0,4.17,39.4,1019.8,39.5,10.5,185.7,16.0,7.0,76.5,11.95,14.4,1.25,1.0,0.0,0.0,0.0,0.0,1.0,5.800000000000001,-1.700000000000001,-4.200000000000001,0
14.0,17.2,10.4,14.0,4.7,54.6,0.0,0.0,0.0,33.1,1020.1,29.5,10.5,215.6,18.5,8.0,70.0,13.4,15.95,1.35,1.0,0.0,1.0,0.0,0.0,0.0,6.799999999999999,1.9000000000000004,0.1999999999999993,0
